Workbook
Name IQ_CH: 110000
Name IQ_CQ: 5000
Name IQ_CY: 10000
Name IQ_DAILY: 500000
Name IQ_FH: 100000
Name IQ_FQ: 500
Name IQ_FY: 1000
Name IQ_LTM: 2000
Name IQ_MONTH: 15000
Name IQ_NTM: 6000
Name IQ_WEEK: 50000
Name IQ_YTD: 3000

Sheet Summary
A1: Portfolio Value at Risk (VaR) Analysis
A3: Portfolio Composition & Assumptions
A4: Asset | B4: Weight | C4: Allocated Value (Rs) | D4: Latest Price (Rs) | E4: Units Held
A5: Nestle India | B5: 0.2 | C5: =B5*B11 -> 100000 | D5: =Calculation!C16 -> 2058.4245 | E5: =C5/D5 -> 48.580843
A6: Pidilite Industries | B6: 0.2 | C6: =B6*B11 -> 100000 | D6: =Calculation!D16 -> 3071 | E6: =C6/D6 -> 32.562683
A7: Divi's Laboratories | B7: 0.2 | C7: =B7*B11 -> 100000 | D7: =Calculation!E16 -> 6638 | E7: =C7/D7 -> 15.064779
A8: Bosch Ltd | B8: 0.2 | C8: =B8*B11 -> 100000 | D8: =Calculation!F16 -> 39062.217 | E8: =C8/D8 -> 2.5600185
A9: UltraTech Cement | B9: 0.2 | C9: =B9*B11 -> 100000 | D9: =Calculation!G16 -> 11117 | E9: =C9/D9 -> 8.9952325
A10: Total Weight / Total Allocated Value (Rs) | B10: =SUM(B5:B9) -> 1 | C10: =SUM(C5:C9) -> 500000
A11: Portfolio Value Input (Rs) | B11: 500000
A13: Confidence Level 1 (1-tail) | B13: 0.95
A14: Confidence Level 2 (1-tail) | B14: 0.99
A15: Holding Period 1 (days) | B15: 1
A16: Holding Period 2 (days) | B16: 10
A17: Z-score @ Confidence Level 1 | B17: =_xlfn.NORM.S.INV(B13) -> 1.6448536
A18: Z-score @ Confidence Level 2 | B18: =_xlfn.NORM.S.INV(B14) -> 2.3263479
A19: Number of daily return observations | B19: =COUNT(Calculation!A16:A1253) -> 247
A22: 1. HISTORICAL SIMULATION VaR (Portfolio)
A23: Description | B23: Value
A24: Mean daily portfolio return | B24: =AVERAGE(Calculation!N16:N1252) -> 0.0002955902
A25: Std Dev of daily portfolio return | B25: =_xlfn.STDEV.S(Calculation!N16:N1252) -> 0.0099236269
A26: Worst-case percentile return @ Confidence 1 (5th pctile) | B26: =_xlfn.PERCENTILE.EXC(Calculation!N16:N1252,1-B13) -> -0.015851941
A27: Worst-case percentile return @ Confidence 2 (1st pctile) | B27: =_xlfn.PERCENTILE.EXC(Calculation!N16:N1252,1-B14) -> -0.031647715
A28: Historical VaR @ Confidence 1, 1-day (Rs) | B28: =-B26*$B$11 -> 7925.9705
A29: Historical VaR @ Confidence 2, 1-day (Rs) | B29: =-B27*$B$11 -> 15823.857
A30: Historical VaR @ Confidence 1, 10-day (Rs) | B30: =B28*SQRT(B16) -> 25064.119
A31: Historical VaR @ Confidence 2, 10-day (Rs) | B31: =B29*SQRT(B16) -> 50039.431
A34: 2. PARAMETRIC (VARIANCE-COVARIANCE) VaR (Portfolio)
A35: Description | B35: Value
A36: Mean daily portfolio return | B36: =B24 -> 0.0002955902
A37: Portfolio daily variance (w' Sigma w) | B37: {=MMULT(MMULT(TRANSPOSE(Summary!B5:B9),Calculation!AB4:AF8),Summary!B5:B9)} -> 9.8478371e-05
A38: Portfolio daily Std Dev (sigma_p) | B38: =SQRT(B37) -> 0.0099236269
A39: Parametric VaR @ Confidence 1, 1-day (Rs) | B39: =(B17*B38-B36)*$B$11 -> 8013.6618
A40: Parametric VaR @ Confidence 2, 1-day (Rs) | B40: =(B18*B38-B36)*$B$11 -> 11395.109
A41: Parametric VaR @ Confidence 1, 10-day (Rs) | B41: =B39*SQRT(B16) -> 25341.424
A42: Parametric VaR @ Confidence 2, 10-day (Rs) | B42: =B40*SQRT(B16) -> 36034.499
A45: 3. STANDALONE (UNDIVERSIFIED) VaR BY ASSET, 1-day
A46: Asset | B46: Allocated Value (Rs) | C46: Daily Std Dev | D46: Hist. VaR @ Conf.1 (Rs) | E46: Hist. VaR @ Conf.2 (Rs) | F46: Param. VaR @ Conf.1 (Rs) | G46: Param. VaR @ Conf.2 (Rs)
A47: Nestle India | B47: =C5 -> 100000 | C47: =_xlfn.STDEV.S(Calculation!I16:I1252) -> 0.01323901 | D47: =-_xlfn.PERCENTILE.EXC(Calculation!I16:I1252,1-B13)*B47 -> 1901.0048 | E47: =-_xlfn.PERCENTILE.EXC(Calculation!I16:I1252,1-B14)*B47 -> 3772.0078 | F47: =B17*C47*B47 -> 2177.6234 | G47: =B18*C47*B47 -> 3079.8543
A48: Pidilite Industries | B48: =C6 -> 100000 | C48: =_xlfn.STDEV.S(Calculation!J16:J1252) -> 0.012982775 | D48: =-_xlfn.PERCENTILE.EXC(Calculation!J16:J1252,1-B13)*B48 -> 2073.8366 | E48: =-_xlfn.PERCENTILE.EXC(Calculation!J16:J1252,1-B14)*B48 -> 3530.1901 | F48: =B17*C48*B48 -> 2135.4765 | G48: =B18*C48*B48 -> 3020.2452
A49: Divi's Laboratories | B49: =C7 -> 100000 | C49: =_xlfn.STDEV.S(Calculation!K16:K1252) -> 0.013993616 | D49: =-_xlfn.PERCENTILE.EXC(Calculation!K16:K1252,1-B13)*B49 -> 2286.4068 | E49: =-_xlfn.PERCENTILE.EXC(Calculation!K16:K1252,1-B14)*B49 -> 3608.0656 | F49: =B17*C49*B49 -> 2301.745 | G49: =B18*C49*B49 -> 3255.4019
A50: Bosch Ltd | B50: =C8 -> 100000 | C50: =_xlfn.STDEV.S(Calculation!L16:L1252) -> 0.018395446 | D50: =-_xlfn.PERCENTILE.EXC(Calculation!L16:L1252,1-B13)*B50 -> 2620.9186 | E50: =-_xlfn.PERCENTILE.EXC(Calculation!L16:L1252,1-B14)*B50 -> 5538.18 | F50: =B17*C50*B50 -> 3025.7816 | G50: =B18*C50*B50 -> 4279.4207
A51: UltraTech Cement | B51: =C9 -> 100000 | C51: =_xlfn.STDEV.S(Calculation!M16:M1252) -> 0.014400449 | D51: =-_xlfn.PERCENTILE.EXC(Calculation!M16:M1252,1-B13)*B51 -> 2205.3954 | E51: =-_xlfn.PERCENTILE.EXC(Calculation!M16:M1252,1-B14)*B51 -> 4812.2688 | F51: =B17*C51*B51 -> 2368.663 | G51: =B18*C51*B51 -> 3350.0453
A52: Sum of Standalone VaR | B52: =SUM(B47:B51) -> 500000 | D52: =SUM(D47:D51) -> 11087.562 | E52: =SUM(E47:E51) -> 21260.712 | F52: =SUM(F47:F51) -> 12009.29 | G52: =SUM(G47:G51) -> 16984.967
A55: 4. DIVERSIFICATION BENEFIT (Parametric, Confidence 1)
A56: Sum of standalone parametric VaR @ Confidence 1 (Rs) | B56: =F52 -> 12009.29
A57: Diversified portfolio parametric VaR @ Confidence 1 (Rs) | B57: =B39 -> 8013.6618
A58: Diversification benefit (Rs) | B58: =B56-B57 -> 3995.6278
A59: Diversification benefit (%) | B59: =B58/B56 -> 0.33271142

Sheet Calculation
A1: Calculation of Historical VaR (also called Historical Simulation Method) | S1: Calculation of Parametric VaR (also called Delta-Normal Method) | AA1: Variance-Covariance Matrix | AX1: Instructions:
AX2: PLEASE NOTE THIS IS ONLY A BROAD TEMPLATE WITH DETAILED INSTRUCTIONS; YOU WILL
A3: Portfolio Weights | U3: Nestle_India | V3: Pidilite_Industries | W3: Divis_Laboratories | X3: Bosch | Y3: UltraTech_Cement | AA3: Σ | AB3: Nestle_India | AC3: Pidilite_Industries | AD3: Divis_Laboratories | AE3: Bosch | AF3: UltraTech_Cement | AH3: Weight(w) | AI3: Weight T | AJ3: =AH4 -> 0.2 | AK3: =AH5 -> 0.2 | AL3: =AH6 -> 0.2 | AM3: =AH7 -> 0.2 | AN3: =AH8 -> 0.2 | AX3: NEED TO FOLLOW THE INSTRUCTIONS AND DO NECESSARY CALCULATIONS
B4: Stock Name | C4: Amount Invested | D4: Weight | E4: Bseline Price | H4: HS VaR: | I4: =Q11 -> -7925.9705 | T4: St. Dev. | U4: =_xlfn.STDEV.S(I16:I261) -> 0.01323901 | V4: =_xlfn.STDEV.S(J16:J261) -> 0.012982775 | W4: =_xlfn.STDEV.S(K16:K261) -> 0.013993616 | X4: =_xlfn.STDEV.S(L16:L261) -> 0.018395446 | Y4: =_xlfn.STDEV.S(M16:M261) -> 0.014400449 | AA4: Nestle_India | AB4: =U5 -> 0.00017527139 | AC4: =_xlfn.COVARIANCE.S(I16:I261,J16:J261) -> 5.0772525e-05 | AD4: =_xlfn.COVARIANCE.S(I16:I261,K16:K261) -> 3.4108087e-05 | AE4: =_xlfn.COVARIANCE.S(I16:I261,L16:L261) -> 5.9725361e-05 | AF4: =_xlfn.COVARIANCE.S(I16:I261,M16:M261) -> 7.6565591e-05 | AH4: =D5 -> 0.2 | AX4: 1) Select 5 equities that are listed on either the NSE or BSE stock exchange and enter their names in B4 through B8 (for reference)
A5: Asset 1 | B5: Nestle_India | C5: 100000 | D5: =C5/$C$10 -> 0.2 | E5: 1375.85 | T5: Variance | U5: =U4^2 -> 0.00017527139 | V5: =V4^2 -> 0.00016855245 | W5: =W4^2 -> 0.00019582129 | X5: =X4^2 -> 0.00033839244 | Y5: =Y4^2 -> 0.00020737292 | AA5: Pidilite_Industries | AB5: =AC4 -> 5.0772525e-05 | AC5: =V5 -> 0.00016855245 | AD5: =_xlfn.COVARIANCE.S(K16:K261,J16:J261) -> 3.2978147e-05 | AE5: =_xlfn.COVARIANCE.S(J16:J261,L16:L261) -> 9.6772407e-05 | AF5: =_xlfn.COVARIANCE.S(M16:M261,J16:J261) -> 9.8631247e-05 | AH5: =D6 -> 0.2 | AX5: 2) Decide on investment amounts for each of them and enter in cells C4 through C8
A6: Asset 2 | B6: Pidilite_Industries | C6: 100000 | D6: =C6/$C$10 -> 0.2 | E6: 3046.9 | AA6: Divis_Laboratories | AB6: =AD4 -> 3.4108087e-05 | AC6: =AD5 -> 3.2978147e-05 | AD6: =W5 -> 0.00019582129 | AE6: =_xlfn.COVARIANCE.S(K16:K261,L16:L261) -> 7.2247227e-05 | AF6: =_xlfn.COVARIANCE.S(K16:K261,M16:M261) -> 5.0655132e-05 | AH6: =D7 -> 0.2 | AX6: 3) Caculate the weights in cells D4:D8
A7: Asset 3 | B7: Divis_Laboratories | C7: 100000 | D7: =C7/$C$10 -> 0.2 | E7: 6725 | AA7: Bosch | AB7: =AE4 -> 5.9725361e-05 | AC7: =AE5 -> 9.6772407e-05 | AD7: =AE6 -> 7.2247227e-05 | AE7: =X5 -> 0.00033839244 | AF7: =_xlfn.COVARIANCE.S(L16:L261,M16:M261) -> 0.00011581867 | AH7: =D8 -> 0.2 | AX7: 4) Download the closing prices of the five stocks for the past one year and enter in c15:g264; if more rows are needed please extend the matrix accordingly
A8: Asset 4 | B8: Bosch | C8: 100000 | D8: =C8/$C$10 -> 0.2 | E8: 31520 | AA8: UltraTech_Cement | AB8: =AF4 -> 7.6565591e-05 | AC8: =AF5 -> 9.8631247e-05 | AD8: =AF6 -> 5.0655132e-05 | AE8: =AF7 -> 0.00011581867 | AF8: =Y5 -> 0.00020737292 | AH8: =D9 -> 0.2 | AX8: 5) Calculate the log returns in cells I15:M264; extend as necessary; HOPE YOU KNOW HOW TO CALCULATE LOG RETURNS?!
A9: Asset 5 | B9: UltraTech_Cement | C9: 100000 | D9: =C9/$C$10 -> 0.2 | E9: 11323 | T9: Portfolio Variance | U9: {=MMULT(MMULT(AJ3:AN3,AB4:AF8),AH4:AH8)} -> 9.8478371e-05 | AX9: 6) Calculate the weighted average portfolio return in cells O15:G264; extend as necessary
A10: Total | C10: =SUM(C5:C9) -> 500000 | D10: =SUM(D5:D9) -> 1 | T10: Portfolio Std. Dev | U10: =SQRT(U9) -> 0.0099236269 | AX10: 8) Using appropriate excel function calculate the 95% (percentile) VaR - both percentage VaR and Dollar/ Rupee VaR
P11: HS VaR Rs | Q11: =_xlfn.PERCENTILE.EXC($P$16:$P$1252,0.05) -> -7925.9705 | AX11: 9) If you are not sure of the excel function you can also sort/ rank order the returns and identify the 95% VaR
P12: HS VaR % | Q12: =_xlfn.PERCENTILE.EXC(N16:N1252,0.05) -> -0.015851941 | AX12: 10) This is the broad guidance, ask me if any questions; but before that please read the appropriate books (on VaR)
AX13: DO NOT COPY FROM OTHERS; PLEASE DO INDEPENDENT WORK
C14: Closing Prices | I14: Log Returns
A15: Observation | B15: Date | C15: Nestle_India | D15: Pidilite_Industries | E15: Divis_Laboratories | F15: Bosch | G15: UltraTech_Cement | I15: Nestle_India | J15: Pidilite_Industries | K15: Divis_Laboratories | L15: Bosch | M15: UltraTech_Cement | N15: Portfolio Return | P15: Portfolio PnL
A16: 1 | B16: 46185 | C16: =$E$5*(1+'Nestlé India Limited'!B52/100) -> 2058.4245 | D16: =$E$6*(1+'Pidilite Industries Limited'!B52/100) -> 3071 | E16: =$E$7*(1+'Divi''s Laboratories Limited'!B52/100) -> 6638 | F16: =$E$8*(1+'Bosch Limited'!B52/100) -> 39062.217 | G16: =$E$9*(1+'UltraTech Cement Limited'!B52/100) -> 11117 | I16: =LN(C16/C17) -> -0.032816785 | J16: =LN(D16/D17) -> 0.024191273 | K16: =LN(E16/E17) -> -0.0026328672 | L16: =LN(F16/F17) -> 0.039403656 | M16: =LN(G16/G17) -> 0.026155407 | N16: =$D$5*I16+$D$6*J16+$D$7*K16+$D$8*L16+$D$9*M16 -> 0.010860137 | P16: =$C$10*N16 -> 5430.0683
A17: 2 | B17: 46184 | C17: =$E$5*(1+'Nestlé India Limited'!B53/100) -> 2127.096 | D17: =$E$6*(1+'Pidilite Industries Limited'!B53/100) -> 2997.6 | E17: =$E$7*(1+'Divi''s Laboratories Limited'!B53/100) -> 6655.5 | F17: =$E$8*(1+'Bosch Limited'!B53/100) -> 37552.954 | G17: =$E$9*(1+'UltraTech Cement Limited'!B53/100) -> 10830 | I17: =LN(C17/C18) -> -0.011434291 | J17: =LN(D17/D18) -> -0.0051242917 | K17: =LN(E17/E18) -> 0.0025575462 | L17: =LN(F17/F18) -> -0.0063322606 | M17: =LN(G17/G18) -> -0.0033185871 | N17: =$D$5*I17+$D$6*J17+$D$7*K17+$D$8*L17+$D$9*M17 -> -0.0047303768 | P17: =$C$10*N17 -> -2365.1884
A18: 3 | B18: 46183 | C18: =$E$5*(1+'Nestlé India Limited'!B54/100) -> 2151.5575 | D18: =$E$6*(1+'Pidilite Industries Limited'!B54/100) -> 3013 | E18: =$E$7*(1+'Divi''s Laboratories Limited'!B54/100) -> 6638.5 | F18: =$E$8*(1+'Bosch Limited'!B54/100) -> 37791.503 | G18: =$E$9*(1+'UltraTech Cement Limited'!B54/100) -> 10866 | I18: =LN(C18/C19) -> 0.019449446 | J18: =LN(D18/D19) -> 0.016531515 | K18: =LN(E18/E19) -> -0.017100816 | L18: =LN(F18/F19) -> -0.00080293506 | M18: =LN(G18/G19) -> -0.0041328065 | N18: =$D$5*I18+$D$6*J18+$D$7*K18+$D$8*L18+$D$9*M18 -> 0.0027888805 | P18: =$C$10*N18 -> 1394.4403
A19: 4 | B19: 46182 | C19: =$E$5*(1+'Nestlé India Limited'!B55/100) -> 2110.1152 | D19: =$E$6*(1+'Pidilite Industries Limited'!B55/100) -> 2963.6 | E19: =$E$7*(1+'Divi''s Laboratories Limited'!B55/100) -> 6753 | F19: =$E$8*(1+'Bosch Limited'!B55/100) -> 37821.86 | G19: =$E$9*(1+'UltraTech Cement Limited'!B55/100) -> 10911 | I19: =LN(C19/C20) -> 0.0077940498 | J19: =LN(D19/D20) -> 0.014958125 | K19: =LN(E19/E20) -> 0.034959112 | L19: =LN(F19/F20) -> 0.033895624 | M19: =LN(G19/G20) -> 0.010688391 | N19: =$D$5*I19+$D$6*J19+$D$7*K19+$D$8*L19+$D$9*M19 -> 0.02045906 | P19: =$C$10*N19 -> 10229.53 | T19: Parametric VaR:
A20: 5 | B20: 46181 | C20: =$E$5*(1+'Nestlé India Limited'!B56/100) -> 2093.7328 | D20: =$E$6*(1+'Pidilite Industries Limited'!B56/100) -> 2919.6 | E20: =$E$7*(1+'Divi''s Laboratories Limited'!B56/100) -> 6521 | F20: =$E$8*(1+'Bosch Limited'!B56/100) -> 36561.348 | G20: =$E$9*(1+'UltraTech Cement Limited'!B56/100) -> 10795 | I20: =LN(C20/C21) -> 0.0084676334 | J20: =LN(D20/D21) -> -0.011442708 | K20: =LN(E20/E21) -> -0.015520701 | L20: =LN(F20/F21) -> -0.01866546 | M20: =LN(G20/G21) -> -0.010780037 | N20: =$D$5*I20+$D$6*J20+$D$7*K20+$D$8*L20+$D$9*M20 -> -0.0095882544 | P20: =$C$10*N20 -> -4794.1272 | U20: Mean daily return | V20: =AVERAGE(N16:N261) -> 0.0002955902
A21: 6 | B21: 46178 | C21: =$E$5*(1+'Nestlé India Limited'!B57/100) -> 2076.0786 | D21: =$E$6*(1+'Pidilite Industries Limited'!B57/100) -> 2953.2 | E21: =$E$7*(1+'Divi''s Laboratories Limited'!B57/100) -> 6623 | F21: =$E$8*(1+'Bosch Limited'!B57/100) -> 37250.191 | G21: =$E$9*(1+'UltraTech Cement Limited'!B57/100) -> 10912 | I21: =LN(C21/C22) -> 0.0046951834 | J21: =LN(D21/D22) -> 0.0037317274 | K21: =LN(E21/E22) -> 0.0040092342 | L21: =LN(F21/F22) -> 0.0062746033 | M21: =LN(G21/G22) -> -0.0077594072 | N21: =$D$5*I21+$D$6*J21+$D$7*K21+$D$8*L21+$D$9*M21 -> 0.0021902682 | P21: =$C$10*N21 -> 1095.1341 | U21: Z-Score | V21: =_xlfn.NORM.S.INV(0.95) -> 1.6448536
A22: 7 | B22: 46177 | C22: =$E$5*(1+'Nestlé India Limited'!B58/100) -> 2066.3539 | D22: =$E$6*(1+'Pidilite Industries Limited'!B58/100) -> 2942.2 | E22: =$E$7*(1+'Divi''s Laboratories Limited'!B58/100) -> 6596.5 | F22: =$E$8*(1+'Bosch Limited'!B58/100) -> 37017.192 | G22: =$E$9*(1+'UltraTech Cement Limited'!B58/100) -> 10997 | I22: =LN(C22/C23) -> -0.0082560181 | J22: =LN(D22/D23) -> 0.0012923853 | K22: =LN(E22/E23) -> 0.0030365164 | L22: =LN(F22/F23) -> -0.019141741 | M22: =LN(G22/G23) -> -0.009412686 | N22: =$D$5*I22+$D$6*J22+$D$7*K22+$D$8*L22+$D$9*M22 -> -0.0064963087 | P22: =$C$10*N22 -> -3248.1544 | U22: Portfolio Std. Dev | V22: =U10 -> 0.0099236269
A23: 8 | B23: 46176 | C23: =$E$5*(1+'Nestlé India Limited'!B59/100) -> 2083.4844 | D23: =$E$6*(1+'Pidilite Industries Limited'!B59/100) -> 2938.4 | E23: =$E$7*(1+'Divi''s Laboratories Limited'!B59/100) -> 6576.5 | F23: =$E$8*(1+'Bosch Limited'!B59/100) -> 37732.591 | G23: =$E$9*(1+'UltraTech Cement Limited'!B59/100) -> 11101 | I23: =LN(C23/C24) -> -0.0043349822 | J23: =LN(D23/D24) -> 0.0099870862 | K23: =LN(E23/E24) -> 0.0066364331 | L23: =LN(F23/F24) -> 0.013190746 | M23: =LN(G23/G24) -> -0.0057486909 | N23: =$D$5*I23+$D$6*J23+$D$7*K23+$D$8*L23+$D$9*M23 -> 0.0039461184 | P23: =$C$10*N23 -> 1973.0592 | U23: Portfolio Value | V23: =C10 -> 500000
A24: 9 | B24: 46175 | C24: =$E$5*(1+'Nestlé India Limited'!B60/100) -> 2092.5359 | D24: =$E$6*(1+'Pidilite Industries Limited'!B60/100) -> 2909.2 | E24: =$E$7*(1+'Divi''s Laboratories Limited'!B60/100) -> 6533 | F24: =$E$8*(1+'Bosch Limited'!B60/100) -> 37238.138 | G24: =$E$9*(1+'UltraTech Cement Limited'!B60/100) -> 11165 | I24: =LN(C24/C25) -> 0.0054126846 | J24: =LN(D24/D25) -> -0.0017858374 | K24: =LN(E24/E25) -> -0.0031330022 | L24: =LN(F24/F25) -> 0.01553623 | M24: =LN(G24/G25) -> -0.005982962 | N24: =$D$5*I24+$D$6*J24+$D$7*K24+$D$8*L24+$D$9*M24 -> 0.0020094226 | P24: =$C$10*N24 -> 1004.7113
A25: 10 | B25: 46174 | C25: =$E$5*(1+'Nestlé India Limited'!B61/100) -> 2081.2402 | D25: =$E$6*(1+'Pidilite Industries Limited'!B61/100) -> 2914.4 | E25: =$E$7*(1+'Divi''s Laboratories Limited'!B61/100) -> 6553.5 | F25: =$E$8*(1+'Bosch Limited'!B61/100) -> 36664.069 | G25: =$E$9*(1+'UltraTech Cement Limited'!B61/100) -> 11232 | I25: =LN(C25/C26) -> -0.022567101 | J25: =LN(D25/D26) -> -0.017415406 | K25: =LN(E25/E26) -> -0.017170726 | L25: =LN(F25/F26) -> -0.00037912469 | M25: =LN(G25/G26) -> -0.022013744 | N25: =$D$5*I25+$D$6*J25+$D$7*K25+$D$8*L25+$D$9*M25 -> -0.01590922 | P25: =$C$10*N25 -> -7954.6102 | U25: Par. VaR Rs | V25: =(V20-V21*V22)*V23 -> -8013.6618
A26: 11 | B26: 46171 | C26: =$E$5*(1+'Nestlé India Limited'!B62/100) -> 2128.7418 | D26: =$E$6*(1+'Pidilite Industries Limited'!B62/100) -> 2965.6 | E26: =$E$7*(1+'Divi''s Laboratories Limited'!B62/100) -> 6667 | F26: =$E$8*(1+'Bosch Limited'!B62/100) -> 36677.972 | G26: =$E$9*(1+'UltraTech Cement Limited'!B62/100) -> 11482 | I26: =LN(C26/C27) -> -0.0031927051 | J26: =LN(D26/D27) -> 0.0014172434 | K26: =LN(E26/E27) -> -0.019384914 | L26: =LN(F26/F27) -> 0.017749833 | M26: =LN(G26/G27) -> -0.017867637 | N26: =$D$5*I26+$D$6*J26+$D$7*K26+$D$8*L26+$D$9*M26 -> -0.0042556359 | P26: =$C$10*N26 -> -2127.8179 | U26: Par. VaR % | V26: =(V20-V21*V22) -> -0.016027324
A27: 12 | B27: 46169 | C27: =$E$5*(1+'Nestlé India Limited'!B64/100) -> 2135.5491 | D27: =$E$6*(1+'Pidilite Industries Limited'!B64/100) -> 2961.4 | E27: =$E$7*(1+'Divi''s Laboratories Limited'!B64/100) -> 6797.5 | F27: =$E$8*(1+'Bosch Limited'!B64/100) -> 36032.688 | G27: =$E$9*(1+'UltraTech Cement Limited'!B64/100) -> 11689 | I27: =LN(C27/C28) -> -0.0010503099 | J27: =LN(D27/D28) -> 0.0014868886 | K27: =LN(E27/E28) -> 0.0065680469 | L27: =LN(F27/F28) -> 0.0048667584 | M27: =LN(G27/G28) -> 0.005662335 | N27: =$D$5*I27+$D$6*J27+$D$7*K27+$D$8*L27+$D$9*M27 -> 0.0035067438 | P27: =$C$10*N27 -> 1753.3719
A28: 13 | B28: 46168 | C28: =$E$5*(1+'Nestlé India Limited'!B65/100) -> 2137.7932 | D28: =$E$6*(1+'Pidilite Industries Limited'!B65/100) -> 2957 | E28: =$E$7*(1+'Divi''s Laboratories Limited'!B65/100) -> 6753 | F28: =$E$8*(1+'Bosch Limited'!B65/100) -> 35857.751 | G28: =$E$9*(1+'UltraTech Cement Limited'!B65/100) -> 11623 | I28: =LN(C28/C29) -> 0.010623803 | J28: =LN(D28/D29) -> 0.00087965631 | K28: =LN(E28/E29) -> -0.0005181539 | L28: =LN(F28/F29) -> -0.0130648 | M28: =LN(G28/G29) -> -0.0088227049 | N28: =$D$5*I28+$D$6*J28+$D$7*K28+$D$8*L28+$D$9*M28 -> -0.00218044 | P28: =$C$10*N28 -> -1090.22
A29: 14 | B29: 46167 | C29: =$E$5*(1+'Nestlé India Limited'!B66/100) -> 2115.202 | D29: =$E$6*(1+'Pidilite Industries Limited'!B66/100) -> 2954.4 | E29: =$E$7*(1+'Divi''s Laboratories Limited'!B66/100) -> 6756.5 | F29: =$E$8*(1+'Bosch Limited'!B66/100) -> 36329.299 | G29: =$E$9*(1+'UltraTech Cement Limited'!B66/100) -> 11726 | I29: =LN(C29/C30) -> -0.0066618741 | J29: =LN(D29/D30) -> -0.00081201791 | K29: =LN(E29/E30) -> -0.019130572 | L29: =LN(F29/F30) -> 0.0073462235 | M29: =LN(G29/G30) -> 0.013479491 | N29: =$D$5*I29+$D$6*J29+$D$7*K29+$D$8*L29+$D$9*M29 -> -0.0011557498 | P29: =$C$10*N29 -> -577.87491
A30: 15 | B30: 46164 | C30: =$E$5*(1+'Nestlé India Limited'!B67/100) -> 2129.3402 | D30: =$E$6*(1+'Pidilite Industries Limited'!B67/100) -> 2956.8 | E30: =$E$7*(1+'Divi''s Laboratories Limited'!B67/100) -> 6887 | F30: =$E$8*(1+'Bosch Limited'!B67/100) -> 36063.394 | G30: =$E$9*(1+'UltraTech Cement Limited'!B67/100) -> 11569 | I30: =LN(C30/C31) -> 0.012194195 | J30: =LN(D30/D31) -> 0.003795071 | K30: =LN(E30/E31) -> 0.0042197225 | L30: =LN(F30/F31) -> 0.02410966 | M30: =LN(G30/G31) -> 0.0082455009 | N30: =$D$5*I30+$D$6*J30+$D$7*K30+$D$8*L30+$D$9*M30 -> 0.01051283 | P30: =$C$10*N30 -> 5256.415
A31: 16 | B31: 46163 | C31: =$E$5*(1+'Nestlé India Limited'!B68/100) -> 2103.5323 | D31: =$E$6*(1+'Pidilite Industries Limited'!B68/100) -> 2945.6 | E31: =$E$7*(1+'Divi''s Laboratories Limited'!B68/100) -> 6858 | F31: =$E$8*(1+'Bosch Limited'!B68/100) -> 35204.316 | G31: =$E$9*(1+'UltraTech Cement Limited'!B68/100) -> 11474 | I31: =LN(C31/C32) -> -0.010084119 | J31: =LN(D31/D32) -> 0.011747164 | K31: =LN(E31/E32) -> -0.0050905499 | L31: =LN(F31/F32) -> -0.045095262 | M31: =LN(G31/G32) -> 0.0056810886 | N31: =$D$5*I31+$D$6*J31+$D$7*K31+$D$8*L31+$D$9*M31 -> -0.0085683355 | P31: =$C$10*N31 -> -4284.1678
A32: 17 | B32: 46162 | C32: =$E$5*(1+'Nestlé India Limited'!B69/100) -> 2124.8519 | D32: =$E$6*(1+'Pidilite Industries Limited'!B69/100) -> 2911.2 | E32: =$E$7*(1+'Divi''s Laboratories Limited'!B69/100) -> 6893 | F32: =$E$8*(1+'Bosch Limited'!B69/100) -> 36828.203 | G32: =$E$9*(1+'UltraTech Cement Limited'!B69/100) -> 11409 | I32: =LN(C32/C33) -> -0.0078550041 | J32: =LN(D32/D33) -> -0.00013739095 | K32: =LN(E32/E33) -> -0.0027526276 | L32: =LN(F32/F33) -> -0.0076053298 | M32: =LN(G32/G33) -> 0.0036001268 | N32: =$D$5*I32+$D$6*J32+$D$7*K32+$D$8*L32+$D$9*M32 -> -0.0029500451 | P32: =$C$10*N32 -> -1475.0226
A33: 18 | B33: 46161 | C33: =$E$5*(1+'Nestlé India Limited'!B70/100) -> 2141.6083 | D33: =$E$6*(1+'Pidilite Industries Limited'!B70/100) -> 2911.6 | E33: =$E$7*(1+'Divi''s Laboratories Limited'!B70/100) -> 6912 | F33: =$E$8*(1+'Bosch Limited'!B70/100) -> 37109.361 | G33: =$E$9*(1+'UltraTech Cement Limited'!B70/100) -> 11368 | I33: =LN(C33/C34) -> -0.00066344259 | J33: =LN(D33/D34) -> 0.0038540997 | K33: =LN(E33/E34) -> 0.011202561 | L33: =LN(F33/F34) -> -0.001514957 | M33: =LN(G33/G34) -> -0.016834974 | N33: =$D$5*I33+$D$6*J33+$D$7*K33+$D$8*L33+$D$9*M33 -> -0.00079134247 | P33: =$C$10*N33 -> -395.67124
A34: 19 | B34: 46160 | C34: =$E$5*(1+'Nestlé India Limited'!B71/100) -> 2143.0296 | D34: =$E$6*(1+'Pidilite Industries Limited'!B71/100) -> 2900.4 | E34: =$E$7*(1+'Divi''s Laboratories Limited'!B71/100) -> 6835 | F34: =$E$8*(1+'Bosch Limited'!B71/100) -> 37165.623 | G34: =$E$9*(1+'UltraTech Cement Limited'!B71/100) -> 11561 | I34: =LN(C34/C35) -> 0.0014671467 | J34: =LN(D34/D35) -> -0.011995072 | K34: =LN(E34/E35) -> 0.010959618 | L34: =LN(F34/F35) -> -0.014433295 | M34: =LN(G34/G35) -> 0.0064214035 | N34: =$D$5*I34+$D$6*J34+$D$7*K34+$D$8*L34+$D$9*M34 -> -0.0015160397 | P34: =$C$10*N34 -> -758.01985
A35: 20 | B35: 46157 | C35: =$E$5*(1+'Nestlé India Limited'!B72/100) -> 2139.8878 | D35: =$E$6*(1+'Pidilite Industries Limited'!B72/100) -> 2935.4 | E35: =$E$7*(1+'Divi''s Laboratories Limited'!B72/100) -> 6760.5 | F35: =$E$8*(1+'Bosch Limited'!B72/100) -> 37705.935 | G35: =$E$9*(1+'UltraTech Cement Limited'!B72/100) -> 11487 | I35: =LN(C35/C36) -> -0.020312468 | J35: =LN(D35/D36) -> -0.010909815 | K35: =LN(E35/E36) -> -0.023535657 | L35: =LN(F35/F36) -> 0.019770743 | M35: =LN(G35/G36) -> -0.017688886 | N35: =$D$5*I35+$D$6*J35+$D$7*K35+$D$8*L35+$D$9*M35 -> -0.010535217 | P35: =$C$10*N35 -> -5267.6084
A36: 21 | B36: 46156 | C36: =$E$5*(1+'Nestlé India Limited'!B73/100) -> 2183.7986 | D36: =$E$6*(1+'Pidilite Industries Limited'!B73/100) -> 2967.6 | E36: =$E$7*(1+'Divi''s Laboratories Limited'!B73/100) -> 6921.5 | F36: =$E$8*(1+'Bosch Limited'!B73/100) -> 36967.782 | G36: =$E$9*(1+'UltraTech Cement Limited'!B73/100) -> 11692 | I36: =LN(C36/C37) -> -0.0060788385 | J36: =LN(D36/D37) -> 0.026081904 | K36: =LN(E36/E37) -> 0.018298305 | L36: =LN(F36/F37) -> 0.017506192 | M36: =LN(G36/G37) -> 0.010230048 | N36: =$D$5*I36+$D$6*J36+$D$7*K36+$D$8*L36+$D$9*M36 -> 0.013207522 | P36: =$C$10*N36 -> 6603.7612
A37: 22 | B37: 46155 | C37: =$E$5*(1+'Nestlé India Limited'!B74/100) -> 2197.114 | D37: =$E$6*(1+'Pidilite Industries Limited'!B74/100) -> 2891.2 | E37: =$E$7*(1+'Divi''s Laboratories Limited'!B74/100) -> 6796 | F37: =$E$8*(1+'Bosch Limited'!B74/100) -> 36326.249 | G37: =$E$9*(1+'UltraTech Cement Limited'!B74/100) -> 11573 | I37: =LN(C37/C38) -> -3.404661e-05 | J37: =LN(D37/D38) -> -0.0051059243 | K37: =LN(E37/E38) -> 0.022620012 | L37: =LN(F37/F38) -> -0.0046753446 | M37: =LN(G37/G38) -> 0.0049374261 | N37: =$D$5*I37+$D$6*J37+$D$7*K37+$D$8*L37+$D$9*M37 -> 0.0035484245 | P37: =$C$10*N37 -> 1774.2123
A38: 23 | B38: 46154 | C38: =$E$5*(1+'Nestlé India Limited'!B75/100) -> 2197.1888 | D38: =$E$6*(1+'Pidilite Industries Limited'!B75/100) -> 2906 | E38: =$E$7*(1+'Divi''s Laboratories Limited'!B75/100) -> 6644 | F38: =$E$8*(1+'Bosch Limited'!B75/100) -> 36496.484 | G38: =$E$9*(1+'UltraTech Cement Limited'!B75/100) -> 11516 | I38: =LN(C38/C39) -> -0.0082053829 | J38: =LN(D38/D39) -> 0.010933608 | K38: =LN(E38/E39) -> -0.010480707 | L38: =LN(F38/F39) -> -0.02162859 | M38: =LN(G38/G39) -> -0.029939795 | N38: =$D$5*I38+$D$6*J38+$D$7*K38+$D$8*L38+$D$9*M38 -> -0.011864173 | P38: =$C$10*N38 -> -5932.0866
... A44: 29 | B44: 46146 | C44: =$E$5*(1+'Nestlé India Limited'!B81/100) -> 2179.7591 | D44: =$E$6*(1+'Pidilite Industries Limited'!B81/100) -> 2729.2 | E44: =$E$7*(1+'Divi''s Laboratories Limited'!B81/100) -> 6619.5 | F44: =$E$8*(1+'Bosch Limited'!B81/100) -> 35831.496 | G44: =$E$9*(1+'UltraTech Cement Limited'!B81/100) -> 11758 | I44: =LN(C44/C45) -> -0.00058324043 | J44: =LN(D44/D45) -> -0.0081013471 | K44: =LN(E44/E45) -> 0.01783312 | L44: =LN(F44/F45) -> -0.0051438975 | M44: =LN(G44/G45) -> 0.014736387 | N44: =$D$5*I44+$D$6*J44+$D$7*K44+$D$8*L44+$D$9*M44 -> 0.0037482045 | P44: =$C$10*N44 -> 1874.1022
A45: 30 | B45: 46142 | C45: =$E$5*(1+'Nestlé India Limited'!B83/100) -> 2181.0308 | D45: =$E$6*(1+'Pidilite Industries Limited'!B83/100) -> 2751.4 | E45: =$E$7*(1+'Divi''s Laboratories Limited'!B83/100) -> 6502.5 | F45: =$E$8*(1+'Bosch Limited'!B83/100) -> 36016.284 | G45: =$E$9*(1+'UltraTech Cement Limited'!B83/100) -> 11586 | I45: =LN(C45/C46) -> -0.005677364 | J45: =LN(D45/D46) -> -0.0096213713 | K45: =LN(E45/E46) -> -0.0048325948 | L45: =LN(F45/F46) -> -0.0094212223 | M45: =LN(G45/G46) -> -0.021094766 | N45: =$D$5*I45+$D$6*J45+$D$7*K45+$D$8*L45+$D$9*M45 -> -0.010129464 | P45: =$C$10*N45 -> -5064.7318
A46: 31 | B46: 46141 | C46: =$E$5*(1+'Nestlé India Limited'!B84/100) -> 2193.4486 | D46: =$E$6*(1+'Pidilite Industries Limited'!B84/100) -> 2778 | E46: =$E$7*(1+'Divi''s Laboratories Limited'!B84/100) -> 6534 | F46: =$E$8*(1+'Bosch Limited'!B84/100) -> 36357.205 | G46: =$E$9*(1+'UltraTech Cement Limited'!B84/100) -> 11833 | I46: =LN(C46/C47) -> 0.018032147 | J46: =LN(D46/D47) -> -0.0025884398 | K46: =LN(E46/E47) -> 0.015656048 | L46: =LN(F46/F47) -> -0.027279519 | M46: =LN(G46/G47) -> 0.0013530657 | N46: =$D$5*I46+$D$6*J46+$D$7*K46+$D$8*L46+$D$9*M46 -> 0.0010346604 | P46: =$C$10*N46 -> 517.33021
A47: 32 | B47: 46140 | C47: =$E$5*(1+'Nestlé India Limited'!B85/100) -> 2154.2505 | D47: =$E$6*(1+'Pidilite Industries Limited'!B85/100) -> 2785.2 | E47: =$E$7*(1+'Divi''s Laboratories Limited'!B85/100) -> 6432.5 | F47: =$E$8*(1+'Bosch Limited'!B85/100) -> 37362.664 | G47: =$E$9*(1+'UltraTech Cement Limited'!B85/100) -> 11817 | I47: =LN(C47/C48) -> 0.016525829 | J47: =LN(D47/D48) -> -0.0047996081 | K47: =LN(E47/E48) -> -0.006894175 | L47: =LN(F47/F48) -> 0.0041943124 | M47: =LN(G47/G48) -> -0.016200463 | N47: =$D$5*I47+$D$6*J47+$D$7*K47+$D$8*L47+$D$9*M47 -> -0.0014348209 | P47: =$C$10*N47 -> -717.41046
A48: 33 | B48: 46139 | C48: =$E$5*(1+'Nestlé India Limited'!B86/100) -> 2118.9422 | D48: =$E$6*(1+'Pidilite Industries Limited'!B86/100) -> 2798.6 | E48: =$E$7*(1+'Divi''s Laboratories Limited'!B86/100) -> 6477 | F48: =$E$8*(1+'Bosch Limited'!B86/100) -> 37206.282 | G48: =$E$9*(1+'UltraTech Cement Limited'!B86/100) -> 12010 | I48: =LN(C48/C49) -> -0.0033481977 | J48: =LN(D48/D49) -> 0.0035796144 | K48: =LN(E48/E49) -> 0.017993242 | L48: =LN(F48/F49) -> 0.014012235 | M48: =LN(G48/G49) -> 0.00099966686 | N48: =$D$5*I48+$D$6*J48+$D$7*K48+$D$8*L48+$D$9*M48 -> 0.0066473121 | P48: =$C$10*N48 -> 3323.656
A49: 34 | B49: 46136 | C49: =$E$5*(1+'Nestlé India Limited'!B87/100) -> 2126.0488 | D49: =$E$6*(1+'Pidilite Industries Limited'!B87/100) -> 2788.6 | E49: =$E$7*(1+'Divi''s Laboratories Limited'!B87/100) -> 6361.5 | F49: =$E$8*(1+'Bosch Limited'!B87/100) -> 36688.574 | G49: =$E$9*(1+'UltraTech Cement Limited'!B87/100) -> 11998 | I49: =LN(C49/C50) -> 0.0077708702 | J49: =LN(D49/D50) -> -0.0055786155 | K49: =LN(E49/E50) -> -0.0026687614 | L49: =LN(F49/F50) -> -0.020371255 | M49: =LN(G49/G50) -> -0.0139874 | N49: =$D$5*I49+$D$6*J49+$D$7*K49+$D$8*L49+$D$9*M49 -> -0.0069670322 | P49: =$C$10*N49 -> -3483.5161
A50: 35 | B50: 46135 | C50: =$E$5*(1+'Nestlé India Limited'!B88/100) -> 2109.5915 | D50: =$E$6*(1+'Pidilite Industries Limited'!B88/100) -> 2804.2 | E50: =$E$7*(1+'Divi''s Laboratories Limited'!B88/100) -> 6378.5 | F50: =$E$8*(1+'Bosch Limited'!B88/100) -> 37443.631 | G50: =$E$9*(1+'UltraTech Cement Limited'!B88/100) -> 12167 | I50: =LN(C50/C51) -> 0.010229083 | J50: =LN(D50/D51) -> -0.011981285 | K50: =LN(E50/E51) -> 0.014687567 | L50: =LN(F50/F51) -> -0.01072605 | M50: =LN(G50/G51) -> -0.0021346478 | N50: =$D$5*I50+$D$6*J50+$D$7*K50+$D$8*L50+$D$9*M50 -> 1.4933231e-05 | P50: =$C$10*N50 -> 7.4666153
A51: 36 | B51: 46134 | C51: =$E$5*(1+'Nestlé India Limited'!B89/100) -> 2088.1223 | D51: =$E$6*(1+'Pidilite Industries Limited'!B89/100) -> 2838 | E51: =$E$7*(1+'Divi''s Laboratories Limited'!B89/100) -> 6285.5 | F51: =$E$8*(1+'Bosch Limited'!B89/100) -> 37847.415 | G51: =$E$9*(1+'UltraTech Cement Limited'!B89/100) -> 12193 | I51: =LN(C51/C52) -> 0.012255055 | J51: =LN(D51/D52) -> 0.007924196 | K51: =LN(E51/E52) -> -7.9545003e-05 | L51: =LN(F51/F52) -> -0.0072136981 | M51: =LN(G51/G52) -> 0.012710637 | N51: =$D$5*I51+$D$6*J51+$D$7*K51+$D$8*L51+$D$9*M51 -> 0.005119329 | P51: =$C$10*N51 -> 2559.6645
A52: 37 | B52: 46133 | C52: =$E$5*(1+'Nestlé India Limited'!B90/100) -> 2062.6884 | D52: =$E$6*(1+'Pidilite Industries Limited'!B90/100) -> 2815.6 | E52: =$E$7*(1+'Divi''s Laboratories Limited'!B90/100) -> 6286 | F52: =$E$8*(1+'Bosch Limited'!B90/100) -> 38121.422 | G52: =$E$9*(1+'UltraTech Cement Limited'!B90/100) -> 12039 | I52: =LN(C52/C53) -> 0.068516346 | J52: =LN(D52/D53) -> 0.012364808 | K52: =LN(E52/E53) -> 0.0009549579 | L52: =LN(F52/F53) -> 0.0091871263 | M52: =LN(G52/G53) -> 0.010185428 | N52: =$D$5*I52+$D$6*J52+$D$7*K52+$D$8*L52+$D$9*M52 -> 0.020241733 | P52: =$C$10*N52 -> 10120.867
A53: 38 | B53: 46132 | C53: =$E$5*(1+'Nestlé India Limited'!B91/100) -> 1926.0935 | D53: =$E$6*(1+'Pidilite Industries Limited'!B91/100) -> 2781 | E53: =$E$7*(1+'Divi''s Laboratories Limited'!B91/100) -> 6280 | F53: =$E$8*(1+'Bosch Limited'!B91/100) -> 37772.799 | G53: =$E$9*(1+'UltraTech Cement Limited'!B91/100) -> 11917 | I53: =LN(C53/C54) -> 0.0013602536 | J53: =LN(D53/D54) -> -0.0020834089 | K53: =LN(E53/E54) -> 0.0081541742 | L53: =LN(F53/F54) -> 0.0068911686 | M53: =LN(G53/G54) -> 0.0026047152 | N53: =$D$5*I53+$D$6*J53+$D$7*K53+$D$8*L53+$D$9*M53 -> 0.0033853805 | P53: =$C$10*N53 -> 1692.6903
A54: 39 | B54: 46129 | C54: =$E$5*(1+'Nestlé India Limited'!B92/100) -> 1923.4753 | D54: =$E$6*(1+'Pidilite Industries Limited'!B92/100) -> 2786.8 | E54: =$E$7*(1+'Divi''s Laboratories Limited'!B92/100) -> 6229 | F54: =$E$8*(1+'Bosch Limited'!B92/100) -> 37513.395 | G54: =$E$9*(1+'UltraTech Cement Limited'!B92/100) -> 11886 | I54: =LN(C54/C55) -> 0.021304162 | J54: =LN(D54/D55) -> 0.045816264 | K54: =LN(E54/E55) -> -0.010301548 | L54: =LN(F54/F55) -> 0.0021379649 | M54: =LN(G54/G55) -> 0.0050607395 | N54: =$D$5*I54+$D$6*J54+$D$7*K54+$D$8*L54+$D$9*M54 -> 0.012803517 | P54: =$C$10*N54 -> 6401.7583
A55: 40 | B55: 46128 | C55: =$E$5*(1+'Nestlé India Limited'!B93/100) -> 1882.9307 | D55: =$E$6*(1+'Pidilite Industries Limited'!B93/100) -> 2662 | E55: =$E$7*(1+'Divi''s Laboratories Limited'!B93/100) -> 6293.5 | F55: =$E$8*(1+'Bosch Limited'!B93/100) -> 37433.279 | G55: =$E$9*(1+'UltraTech Cement Limited'!B93/100) -> 11826 | I55: =LN(C55/C56) -> 0.0017893716 | J55: =LN(D55/D56) -> 0.0011276077 | K55: =LN(E55/E56) -> 0.018603696 | L55: =LN(F55/F56) -> 0.0095914822 | M55: =LN(G55/G56) -> 0.003472961 | N55: =$D$5*I55+$D$6*J55+$D$7*K55+$D$8*L55+$D$9*M55 -> 0.0069170237 | P55: =$C$10*N55 -> 3458.5118
A56: 41 | B56: 46127 | C56: =$E$5*(1+'Nestlé India Limited'!B94/100) -> 1879.5644 | D56: =$E$6*(1+'Pidilite Industries Limited'!B94/100) -> 2659 | E56: =$E$7*(1+'Divi''s Laboratories Limited'!B94/100) -> 6177.5 | F56: =$E$8*(1+'Bosch Limited'!B94/100) -> 37075.955 | G56: =$E$9*(1+'UltraTech Cement Limited'!B94/100) -> 11785 | I56: =LN(C56/C57) -> 0.023802497 | J56: =LN(D56/D57) -> 0.0022590371 | K56: =LN(E56/E57) -> 0.017555054 | L56: =LN(F56/F57) -> 0.012544549 | M56: =LN(G56/G57) -> 0.024306603 | N56: =$D$5*I56+$D$6*J56+$D$7*K56+$D$8*L56+$D$9*M56 -> 0.016093548 | P56: =$C$10*N56 -> 8046.774
A57: 42 | B57: 46125 | C57: =$E$5*(1+'Nestlé India Limited'!B96/100) -> 1835.3544 | D57: =$E$6*(1+'Pidilite Industries Limited'!B96/100) -> 2653 | E57: =$E$7*(1+'Divi''s Laboratories Limited'!B96/100) -> 6070 | F57: =$E$8*(1+'Bosch Limited'!B96/100) -> 36613.759 | G57: =$E$9*(1+'UltraTech Cement Limited'!B96/100) -> 11502 | I57: =LN(C57/C58) -> -0.017974835 | J57: =LN(D57/D58) -> -0.022806176 | K57: =LN(E57/E58) -> -0.0076314324 | L57: =LN(F57/F58) -> -0.018877599 | M57: =LN(G57/G58) -> -0.0075354391 | N57: =$D$5*I57+$D$6*J57+$D$7*K57+$D$8*L57+$D$9*M57 -> -0.014965096 | P57: =$C$10*N57 -> -7482.5481
A58: 43 | B58: 46122 | C58: =$E$5*(1+'Nestlé India Limited'!B97/100) -> 1868.6428 | D58: =$E$6*(1+'Pidilite Industries Limited'!B97/100) -> 2714.2 | E58: =$E$7*(1+'Divi''s Laboratories Limited'!B97/100) -> 6116.5 | F58: =$E$8*(1+'Bosch Limited'!B97/100) -> 37311.504 | G58: =$E$9*(1+'UltraTech Cement Limited'!B97/100) -> 11589 | I58: =LN(C58/C59) -> 0.016101718 | J58: =LN(D58/D59) -> 0.0071732606 | K58: =LN(E58/E59) -> 0.027178738 | L58: =LN(F58/F59) -> 0.014674039 | M58: =LN(G58/G59) -> 0.01224133 | N58: =$D$5*I58+$D$6*J58+$D$7*K58+$D$8*L58+$D$9*M58 -> 0.015473817 | P58: =$C$10*N58 -> 7736.9086
A59: 44 | B59: 46121 | C59: =$E$5*(1+'Nestlé India Limited'!B98/100) -> 1838.7954 | D59: =$E$6*(1+'Pidilite Industries Limited'!B98/100) -> 2694.8 | E59: =$E$7*(1+'Divi''s Laboratories Limited'!B98/100) -> 5952.5 | F59: =$E$8*(1+'Bosch Limited'!B98/100) -> 36767.991 | G59: =$E$9*(1+'UltraTech Cement Limited'!B98/100) -> 11448 | I59: =LN(C59/C60) -> 0.012980016 | J59: =LN(D59/D60) -> -0.0056246448 | K59: =LN(E59/E60) -> 0.011914459 | L59: =LN(F59/F60) -> 0.022504944 | M59: =LN(G59/G60) -> -0.013448643 | N59: =$D$5*I59+$D$6*J59+$D$7*K59+$D$8*L59+$D$9*M59 -> 0.0056652263 | P59: =$C$10*N59 -> 2832.6132
A60: 45 | B60: 46120 | C60: =$E$5*(1+'Nestlé India Limited'!B99/100) -> 1815.0821 | D60: =$E$6*(1+'Pidilite Industries Limited'!B99/100) -> 2710 | E60: =$E$7*(1+'Divi''s Laboratories Limited'!B99/100) -> 5882 | F60: =$E$8*(1+'Bosch Limited'!B99/100) -> 35949.771 | G60: =$E$9*(1+'UltraTech Cement Limited'!B99/100) -> 11603 | I60: =LN(C60/C61) -> -0.0084949726 | J60: =LN(D60/D61) -> 0.045213542 | K60: =LN(E60/E61) -> 0.0054551789 | L60: =LN(F60/F61) -> 0.07279177 | M60: =LN(G60/G61) -> 0.059203586 | N60: =$D$5*I60+$D$6*J60+$D$7*K60+$D$8*L60+$D$9*M60 -> 0.034833821 | P60: =$C$10*N60 -> 17416.91
A61: 46 | B61: 46119 | C61: =$E$5*(1+'Nestlé India Limited'!B100/100) -> 1830.5668 | D61: =$E$6*(1+'Pidilite Industries Limited'!B100/100) -> 2590.2 | E61: =$E$7*(1+'Divi''s Laboratories Limited'!B100/100) -> 5850 | F61: =$E$8*(1+'Bosch Limited'!B100/100) -> 33425.896 | G61: =$E$9*(1+'UltraTech Cement Limited'!B100/100) -> 10936 | I61: =LN(C61/C62) -> 0.0065598202 | J61: =LN(D61/D62) -> 0.0030158937 | K61: =LN(E61/E62) -> 0.004969593 | L61: =LN(F61/F62) -> -0.0013889649 | M61: =LN(G61/G62) -> -0.0017358736 | N61: =$D$5*I61+$D$6*J61+$D$7*K61+$D$8*L61+$D$9*M61 -> 0.0022840937 | P61: =$C$10*N61 -> 1142.0468
A62: 47 | B62: 46118 | C62: =$E$5*(1+'Nestlé India Limited'!B101/100) -> 1818.5979 | D62: =$E$6*(1+'Pidilite Industries Limited'!B101/100) -> 2582.4 | E62: =$E$7*(1+'Divi''s Laboratories Limited'!B101/100) -> 5821 | F62: =$E$8*(1+'Bosch Limited'!B101/100) -> 33472.356 | G62: =$E$9*(1+'UltraTech Cement Limited'!B101/100) -> 10955 | I62: =LN(C62/C63) -> 0.019899707 | J62: =LN(D62/D63) -> 0.013724482 | K62: =LN(E62/E63) -> -0.0060800872 | L62: =LN(F62/F63) -> 0.040480718 | M62: =LN(G62/G63) -> 0.031056957 | N62: =$D$5*I62+$D$6*J62+$D$7*K62+$D$8*L62+$D$9*M62 -> 0.019816355 | P62: =$C$10*N62 -> 9908.1777
A63: 48 | B63: 46114 | C63: =$E$5*(1+'Nestlé India Limited'!B103/100) -> 1782.7661 | D63: =$E$6*(1+'Pidilite Industries Limited'!B103/100) -> 2547.2 | E63: =$E$7*(1+'Divi''s Laboratories Limited'!B103/100) -> 5856.5 | F63: =$E$8*(1+'Bosch Limited'!B103/100) -> 32144.43 | G63: =$E$9*(1+'UltraTech Cement Limited'!B103/100) -> 10620 | I63: =LN(C63/C64) -> 0.0091471121 | J63: =LN(D63/D64) -> -0.025886899 | K63: =LN(E63/E64) -> -0.0085012839 | L63: =LN(F63/F64) -> 0.048688264 | M63: =LN(G63/G64) -> -0.0088122816 | N63: =$D$5*I63+$D$6*J63+$D$7*K63+$D$8*L63+$D$9*M63 -> 0.0029269825 | P63: =$C$10*N63 -> 1463.4912
A64: 49 | B64: 46113 | C64: =$E$5*(1+'Nestlé India Limited'!B104/100) -> 1766.5332 | D64: =$E$6*(1+'Pidilite Industries Limited'!B104/100) -> 2614 | E64: =$E$7*(1+'Divi''s Laboratories Limited'!B104/100) -> 5906.5 | F64: =$E$8*(1+'Bosch Limited'!B104/100) -> 30616.862 | G64: =$E$9*(1+'UltraTech Cement Limited'!B104/100) -> 10714 | I64: =LN(C64/C65) -> 0.0050519095 | J64: =LN(D64/D65) -> 0.016975716 | K64: =LN(E64/E65) -> -0.0068334513 | L64: =LN(F64/F65) -> 0.063293319 | M64: =LN(G64/G65) -> -0.0028892326 | N64: =$D$5*I64+$D$6*J64+$D$7*K64+$D$8*L64+$D$9*M64 -> 0.015119652 | P64: =$C$10*N64 -> 7559.8261
A65: 50 | B65: 46111 | C65: =$E$5*(1+'Nestlé India Limited'!B106/100) -> 1757.6314 | D65: =$E$6*(1+'Pidilite Industries Limited'!B106/100) -> 2570 | E65: =$E$7*(1+'Divi''s Laboratories Limited'!B106/100) -> 5947 | F65: =$E$8*(1+'Bosch Limited'!B106/100) -> 28739.072 | G65: =$E$9*(1+'UltraTech Cement Limited'!B106/100) -> 10745 | I65: =LN(C65/C66) -> -0.016420453 | J65: =LN(D65/D66) -> -0.023001899 | K65: =LN(E65/E66) -> -0.008455825 | L65: =LN(F65/F66) -> -0.030725781 | M65: =LN(G65/G66) -> -0.027899396 | N65: =$D$5*I65+$D$6*J65+$D$7*K65+$D$8*L65+$D$9*M65 -> -0.021300671 | P65: =$C$10*N65 -> -10650.335
A66: 51 | B66: 46108 | C66: =$E$5*(1+'Nestlé India Limited'!B107/100) -> 1786.7307 | D66: =$E$6*(1+'Pidilite Industries Limited'!B107/100) -> 2629.8 | E66: =$E$7*(1+'Divi''s Laboratories Limited'!B107/100) -> 5997.5 | F66: =$E$8*(1+'Bosch Limited'!B107/100) -> 29635.808 | G66: =$E$9*(1+'UltraTech Cement Limited'!B107/100) -> 11049 | I66: =LN(C66/C67) -> -0.008380112 | J66: =LN(D66/D67) -> -0.03578079 | K66: =LN(E66/E67) -> -0.0028305047 | L66: =LN(F66/F67) -> -0.025290344 | M66: =LN(G66/G67) -> -0.013930931 | N66: =$D$5*I66+$D$6*J66+$D$7*K66+$D$8*L66+$D$9*M66 -> -0.017242536 | P66: =$C$10*N66 -> -8621.2681
A67: 52 | B67: 46106 | C67: =$E$5*(1+'Nestlé India Limited'!B109/100) -> 1801.7667 | D67: =$E$6*(1+'Pidilite Industries Limited'!B109/100) -> 2725.6 | E67: =$E$7*(1+'Divi''s Laboratories Limited'!B109/100) -> 6014.5 | F67: =$E$8*(1+'Bosch Limited'!B109/100) -> 30394.866 | G67: =$E$9*(1+'UltraTech Cement Limited'!B109/100) -> 11204 | I67: =LN(C67/C68) -> 0.017971705 | J67: =LN(D67/D68) -> 0.022709696 | K67: =LN(E67/E68) -> -0.0019102203 | L67: =LN(F67/F68) -> 0.010586118 | M67: =LN(G67/G68) -> 0.040063625 | N67: =$D$5*I67+$D$6*J67+$D$7*K67+$D$8*L67+$D$9*M67 -> 0.017884184 | P67: =$C$10*N67 -> 8942.0922
A68: 53 | B68: 46105 | C68: =$E$5*(1+'Nestlé India Limited'!B110/100) -> 1769.6751 | D68: =$E$6*(1+'Pidilite Industries Limited'!B110/100) -> 2664.4 | E68: =$E$7*(1+'Divi''s Laboratories Limited'!B110/100) -> 6026 | F68: =$E$8*(1+'Bosch Limited'!B110/100) -> 30074.8 | G68: =$E$9*(1+'UltraTech Cement Limited'!B110/100) -> 10764 | I68: =LN(C68/C69) -> 0.013876106 | J68: =LN(D68/D69) -> 0.013071094 | K68: =LN(E68/E69) -> 0.0020764989 | L68: =LN(F68/F69) -> 0.031223853 | M68: =LN(G68/G69) -> 0.038061964 | N68: =$D$5*I68+$D$6*J68+$D$7*K68+$D$8*L68+$D$9*M68 -> 0.019661903 | P68: =$C$10*N68 -> 9830.9516
A69: 54 | B69: 46104 | C69: =$E$5*(1+'Nestlé India Limited'!B111/100) -> 1745.2885 | D69: =$E$6*(1+'Pidilite Industries Limited'!B111/100) -> 2629.8 | E69: =$E$7*(1+'Divi''s Laboratories Limited'!B111/100) -> 6013.5 | F69: =$E$8*(1+'Bosch Limited'!B111/100) -> 29150.258 | G69: =$E$9*(1+'UltraTech Cement Limited'!B111/100) -> 10362 | I69: =LN(C69/C70) -> -0.023174585 | J69: =LN(D69/D70) -> -0.019878676 | K69: =LN(E69/E70) -> -0.014281829 | L69: =LN(F69/F70) -> -0.042347857 | M69: =LN(G69/G70) -> -0.053731932 | N69: =$D$5*I69+$D$6*J69+$D$7*K69+$D$8*L69+$D$9*M69 -> -0.030682976 | P69: =$C$10*N69 -> -15341.488
A70: 55 | B70: 46101 | C70: =$E$5*(1+'Nestlé India Limited'!B112/100) -> 1786.2071 | D70: =$E$6*(1+'Pidilite Industries Limited'!B112/100) -> 2682.6 | E70: =$E$7*(1+'Divi''s Laboratories Limited'!B112/100) -> 6100 | F70: =$E$8*(1+'Bosch Limited'!B112/100) -> 30411.22 | G70: =$E$9*(1+'UltraTech Cement Limited'!B112/100) -> 10934 | I70: =LN(C70/C71) -> 0.0047857024 | J70: =LN(D70/D71) -> 0.024452203 | K70: =LN(E70/E71) -> 0.021123171 | L70: =LN(F70/F71) -> 0.0074176994 | M70: =LN(G70/G71) -> 0.01103561 | N70: =$D$5*I70+$D$6*J70+$D$7*K70+$D$8*L70+$D$9*M70 -> 0.013762877 | P70: =$C$10*N70 -> 6881.4385
A71: 56 | B71: 46100 | C71: =$E$5*(1+'Nestlé India Limited'!B113/100) -> 1777.6793 | D71: =$E$6*(1+'Pidilite Industries Limited'!B113/100) -> 2617.8 | E71: =$E$7*(1+'Divi''s Laboratories Limited'!B113/100) -> 5972.5 | F71: =$E$8*(1+'Bosch Limited'!B113/100) -> 30186.473 | G71: =$E$9*(1+'UltraTech Cement Limited'!B113/100) -> 10814 | I71: =LN(C71/C72) -> -0.013500445 | J71: =LN(D71/D72) -> -0.056079743 | K71: =LN(E71/E72) -> -0.027659142 | L71: =LN(F71/F72) -> -0.026428474 | M71: =LN(G71/G72) -> -0.039259835 | N71: =$D$5*I71+$D$6*J71+$D$7*K71+$D$8*L71+$D$9*M71 -> -0.032585528 | P71: =$C$10*N71 -> -16292.764
A72: 57 | B72: 46099 | C72: =$E$5*(1+'Nestlé India Limited'!B114/100) -> 1801.8415 | D72: =$E$6*(1+'Pidilite Industries Limited'!B114/100) -> 2768.8 | E72: =$E$7*(1+'Divi''s Laboratories Limited'!B114/100) -> 6140 | F72: =$E$8*(1+'Bosch Limited'!B114/100) -> 30994.891 | G72: =$E$9*(1+'UltraTech Cement Limited'!B114/100) -> 11247 | I72: =LN(C72/C73) -> -0.0016178213 | J72: =LN(D72/D73) -> 0.019990452 | K72: =LN(E72/E73) -> 0.0087515383 | L72: =LN(F72/F73) -> 0.01175054 | M72: =LN(G72/G73) -> 0.011715915 | N72: =$D$5*I72+$D$6*J72+$D$7*K72+$D$8*L72+$D$9*M72 -> 0.010118125 | P72: =$C$10*N72 -> 5059.0623
A73: 58 | B73: 46098 | C73: =$E$5*(1+'Nestlé India Limited'!B115/100) -> 1804.7589 | D73: =$E$6*(1+'Pidilite Industries Limited'!B115/100) -> 2714 | E73: =$E$7*(1+'Divi''s Laboratories Limited'!B115/100) -> 6086.5 | F73: =$E$8*(1+'Bosch Limited'!B115/100) -> 30632.816 | G73: =$E$9*(1+'UltraTech Cement Limited'!B115/100) -> 11116 | I73: =LN(C73/C74) -> -0.0045490339 | J73: =LN(D73/D74) -> 0.002508671 | K73: =LN(E73/E74) -> 0.0025498677 | L73: =LN(F73/F74) -> 0.0083181898 | M73: =LN(G73/G74) -> 0.0015304977 | N73: =$D$5*I73+$D$6*J73+$D$7*K73+$D$8*L73+$D$9*M73 -> 0.0020716385 | P73: =$C$10*N73 -> 1035.8192
A74: 59 | B74: 46097 | C74: =$E$5*(1+'Nestlé India Limited'!B116/100) -> 1812.9875 | D74: =$E$6*(1+'Pidilite Industries Limited'!B116/100) -> 2707.2 | E74: =$E$7*(1+'Divi''s Laboratories Limited'!B116/100) -> 6071 | F74: =$E$8*(1+'Bosch Limited'!B116/100) -> 30379.063 | G74: =$E$9*(1+'UltraTech Cement Limited'!B116/100) -> 11099 | I74: =LN(C74/C75) -> 0.0080784249 | J74: =LN(D74/D75) -> 0.010098096 | K74: =LN(E74/E75) -> 0 | L74: =LN(F74/F75) -> 0.005842983 | M74: =LN(G74/G75) -> 0.044492717 | N74: =$D$5*I74+$D$6*J74+$D$7*K74+$D$8*L74+$D$9*M74 -> 0.013702444 | P74: =$C$10*N74 -> 6851.2221
A75: 60 | B75: 46094 | C75: =$E$5*(1+'Nestlé India Limited'!B117/100) -> 1798.4004 | D75: =$E$6*(1+'Pidilite Industries Limited'!B117/100) -> 2680 | E75: =$E$7*(1+'Divi''s Laboratories Limited'!B117/100) -> 6071 | F75: =$E$8*(1+'Bosch Limited'!B117/100) -> 30202.076 | G75: =$E$9*(1+'UltraTech Cement Limited'!B117/100) -> 10616 | I75: =LN(C75/C76) -> -0.014699468 | J75: =LN(D75/D76) -> -0.034761878 | K75: =LN(E75/E76) -> -0.034165065 | L75: =LN(F75/F76) -> -0.035298452 | M75: =LN(G75/G76) -> -0.043591329 | N75: =$D$5*I75+$D$6*J75+$D$7*K75+$D$8*L75+$D$9*M75 -> -0.032503238 | P75: =$C$10*N75 -> -16251.619
A76: 61 | B76: 46093 | C76: =$E$5*(1+'Nestlé India Limited'!B118/100) -> 1825.0312 | D76: =$E$6*(1+'Pidilite Industries Limited'!B118/100) -> 2774.8 | E76: =$E$7*(1+'Divi''s Laboratories Limited'!B118/100) -> 6282 | F76: =$E$8*(1+'Bosch Limited'!B118/100) -> 31287.202 | G76: =$E$9*(1+'UltraTech Cement Limited'!B118/100) -> 11089 | I76: =LN(C76/C77) -> -0.011006144 | J76: =LN(D76/D77) -> -0.011466372 | K76: =LN(E76/E77) -> -0.011160035 | L76: =LN(F76/F77) -> -0.013102431 | M76: =LN(G76/G77) -> -0.03308359 | N76: =$D$5*I76+$D$6*J76+$D$7*K76+$D$8*L76+$D$9*M76 -> -0.015963714 | P76: =$C$10*N76 -> -7981.8572
A77: 62 | B77: 46092 | C77: =$E$5*(1+'Nestlé India Limited'!B119/100) -> 1845.2287 | D77: =$E$6*(1+'Pidilite Industries Limited'!B119/100) -> 2806.8 | E77: =$E$7*(1+'Divi''s Laboratories Limited'!B119/100) -> 6352.5 | F77: =$E$8*(1+'Bosch Limited'!B119/100) -> 31699.837 | G77: =$E$9*(1+'UltraTech Cement Limited'!B119/100) -> 11462 | I77: =LN(C77/C78) -> -0.006666826 | J77: =LN(D77/D78) -> -0.017166894 | K77: =LN(E77/E78) -> -0.0030649558 | L77: =LN(F77/F78) -> -0.011138855 | M77: =LN(G77/G78) -> -0.016612253 | N77: =$D$5*I77+$D$6*J77+$D$7*K77+$D$8*L77+$D$9*M77 -> -0.010929957 | P77: =$C$10*N77 -> -5464.9784
A78: 63 | B78: 46091 | C78: =$E$5*(1+'Nestlé India Limited'!B120/100) -> 1857.5716 | D78: =$E$6*(1+'Pidilite Industries Limited'!B120/100) -> 2855.4 | E78: =$E$7*(1+'Divi''s Laboratories Limited'!B120/100) -> 6372 | F78: =$E$8*(1+'Bosch Limited'!B120/100) -> 32054.911 | G78: =$E$9*(1+'UltraTech Cement Limited'!B120/100) -> 11654 | I78: =LN(C78/C79) -> 0.0043587122 | J78: =LN(D78/D79) -> 0.029354298 | K78: =LN(E78/E79) -> 0.0066131559 | L78: =LN(F78/F79) -> 0.013421123 | M78: =LN(G78/G79) -> 0.023967802 | N78: =$D$5*I78+$D$6*J78+$D$7*K78+$D$8*L78+$D$9*M78 -> 0.015543018 | P78: =$C$10*N78 -> 7771.5092
... A82: 67 | B82: 46085 | C82: =$E$5*(1+'Nestlé India Limited'!B124/100) -> 1862.0599 | D82: =$E$6*(1+'Pidilite Industries Limited'!B124/100) -> 2878.2 | E82: =$E$7*(1+'Divi''s Laboratories Limited'!B124/100) -> 6316 | F82: =$E$8*(1+'Bosch Limited'!B124/100) -> 33428.947 | G82: =$E$9*(1+'UltraTech Cement Limited'!B124/100) -> 12107 | I82: =LN(C82/C83) -> -0.027342512 | J82: =LN(D82/D83) -> -0.018178563 | K82: =LN(E82/E83) -> -0.013758619 | L82: =LN(F82/F83) -> -0.057243185 | M82: =LN(G82/G83) -> -0.033623437 | N82: =$D$5*I82+$D$6*J82+$D$7*K82+$D$8*L82+$D$9*M82 -> -0.030029263 | P82: =$C$10*N82 -> -15014.632
A83: 68 | B83: 46083 | C83: =$E$5*(1+'Nestlé India Limited'!B126/100) -> 1913.6758 | D83: =$E$6*(1+'Pidilite Industries Limited'!B126/100) -> 2931 | E83: =$E$7*(1+'Divi''s Laboratories Limited'!B126/100) -> 6403.5 | F83: =$E$8*(1+'Bosch Limited'!B126/100) -> 35398.356 | G83: =$E$9*(1+'UltraTech Cement Limited'!B126/100) -> 12521 | I83: =LN(C83/C84) -> -0.0096089125 | J83: =LN(D83/D84) -> -0.017921021 | K83: =LN(E83/E84) -> -0.0007805183 | L83: =LN(F83/F84) -> -0.028908983 | M83: =LN(G83/G84) -> -0.012382093 | N83: =$D$5*I83+$D$6*J83+$D$7*K83+$D$8*L83+$D$9*M83 -> -0.013920305 | P83: =$C$10*N83 -> -6960.1527
A84: 69 | B84: 46080 | C84: =$E$5*(1+'Nestlé India Limited'!B127/100) -> 1932.1528 | D84: =$E$6*(1+'Pidilite Industries Limited'!B127/100) -> 2984 | E84: =$E$7*(1+'Divi''s Laboratories Limited'!B127/100) -> 6408.5 | F84: =$E$8*(1+'Bosch Limited'!B127/100) -> 36436.622 | G84: =$E$9*(1+'UltraTech Cement Limited'!B127/100) -> 12677 | I84: =LN(C84/C85) -> -0.020425688 | J84: =LN(D84/D85) -> -0.016551277 | K84: =LN(E84/E85) -> -0.010168921 | L84: =LN(F84/F85) -> -0.0083021944 | M84: =LN(G84/G85) -> -0.020302095 | N84: =$D$5*I84+$D$6*J84+$D$7*K84+$D$8*L84+$D$9*M84 -> -0.015150035 | P84: =$C$10*N84 -> -7575.0175
A85: 70 | B85: 46079 | C85: =$E$5*(1+'Nestlé India Limited'!B128/100) -> 1972.0241 | D85: =$E$6*(1+'Pidilite Industries Limited'!B128/100) -> 3033.8 | E85: =$E$7*(1+'Divi''s Laboratories Limited'!B128/100) -> 6474 | F85: =$E$8*(1+'Bosch Limited'!B128/100) -> 36740.385 | G85: =$E$9*(1+'UltraTech Cement Limited'!B128/100) -> 12937 | I85: =LN(C85/C86) -> -0.0034081905 | J85: =LN(D85/D86) -> 0.012804952 | K85: =LN(E85/E86) -> 0.012199537 | L85: =LN(F85/F86) -> 0.0043584645 | M85: =LN(G85/G86) -> -0.0080068177 | N85: =$D$5*I85+$D$6*J85+$D$7*K85+$D$8*L85+$D$9*M85 -> 0.0035895891 | P85: =$C$10*N85 -> 1794.7946
A86: 71 | B86: 46078 | C86: =$E$5*(1+'Nestlé India Limited'!B129/100) -> 1978.7566 | D86: =$E$6*(1+'Pidilite Industries Limited'!B129/100) -> 2995.2 | E86: =$E$7*(1+'Divi''s Laboratories Limited'!B129/100) -> 6395.5 | F86: =$E$8*(1+'Bosch Limited'!B129/100) -> 36580.602 | G86: =$E$9*(1+'UltraTech Cement Limited'!B129/100) -> 13041 | I86: =LN(C86/C87) -> 0.0018541298 | J86: =LN(D86/D87) -> 0.011483958 | K86: =LN(E86/E87) -> 0.022133541 | L86: =LN(F86/F87) -> 0.033116939 | M86: =LN(G86/G87) -> 0.0062305498 | N86: =$D$5*I86+$D$6*J86+$D$7*K86+$D$8*L86+$D$9*M86 -> 0.014963824 | P86: =$C$10*N86 -> 7481.9118
A87: 72 | B87: 46077 | C87: =$E$5*(1+'Nestlé India Limited'!B130/100) -> 1975.0911 | D87: =$E$6*(1+'Pidilite Industries Limited'!B130/100) -> 2961 | E87: =$E$7*(1+'Divi''s Laboratories Limited'!B130/100) -> 6255.5 | F87: =$E$8*(1+'Bosch Limited'!B130/100) -> 35389.004 | G87: =$E$9*(1+'UltraTech Cement Limited'!B130/100) -> 12960 | I87: =LN(C87/C88) -> 0.003528545 | J87: =LN(D87/D88) -> -0.00033766673 | K87: =LN(E87/E88) -> -0.006056278 | L87: =LN(F87/F88) -> 0.00085391427 | M87: =LN(G87/G88) -> -0.0012338064 | N87: =$D$5*I87+$D$6*J87+$D$7*K87+$D$8*L87+$D$9*M87 -> -0.00064905837 | P87: =$C$10*N87 -> -324.52919
A88: 73 | B88: 46076 | C88: =$E$5*(1+'Nestlé India Limited'!B131/100) -> 1968.1342 | D88: =$E$6*(1+'Pidilite Industries Limited'!B131/100) -> 2962 | E88: =$E$7*(1+'Divi''s Laboratories Limited'!B131/100) -> 6293.5 | F88: =$E$8*(1+'Bosch Limited'!B131/100) -> 35358.798 | G88: =$E$9*(1+'UltraTech Cement Limited'!B131/100) -> 12976 | I88: =LN(C88/C89) -> 0.01701973 | J88: =LN(D88/D89) -> 0.010930555 | K88: =LN(E88/E89) -> 0.00039731416 | L88: =LN(F88/F89) -> 0.0038871598 | M88: =LN(G88/G89) -> 0.016316111 | N88: =$D$5*I88+$D$6*J88+$D$7*K88+$D$8*L88+$D$9*M88 -> 0.0097101738 | P88: =$C$10*N88 -> 4855.0869
A89: 74 | B89: 46073 | C89: =$E$5*(1+'Nestlé India Limited'!B132/100) -> 1934.9206 | D89: =$E$6*(1+'Pidilite Industries Limited'!B132/100) -> 2929.8 | E89: =$E$7*(1+'Divi''s Laboratories Limited'!B132/100) -> 6291 | F89: =$E$8*(1+'Bosch Limited'!B132/100) -> 35221.619 | G89: =$E$9*(1+'UltraTech Cement Limited'!B132/100) -> 12766 | I89: =LN(C89/C90) -> 0.011509576 | J89: =LN(D89/D90) -> 0 | K89: =LN(E89/E90) -> -0.0010326887 | L89: =LN(F89/F90) -> 0.0054772423 | M89: =LN(G89/G90) -> 0.0061287219 | N89: =$D$5*I89+$D$6*J89+$D$7*K89+$D$8*L89+$D$9*M89 -> 0.0044165703 | P89: =$C$10*N89 -> 2208.2851
A90: 75 | B90: 46072 | C90: =$E$5*(1+'Nestlé India Limited'!B133/100) -> 1912.7781 | D90: =$E$6*(1+'Pidilite Industries Limited'!B133/100) -> 2929.8 | E90: =$E$7*(1+'Divi''s Laboratories Limited'!B133/100) -> 6297.5 | F90: =$E$8*(1+'Bosch Limited'!B133/100) -> 35029.229 | G90: =$E$9*(1+'UltraTech Cement Limited'!B133/100) -> 12688 | I90: =LN(C90/C91) -> -0.016945943 | J90: =LN(D90/D91) -> -0.016653512 | K90: =LN(E90/E91) -> 0.0022255792 | L90: =LN(F90/F91) -> -0.019069233 | M90: =LN(G90/G91) -> -0.028284714 | N90: =$D$5*I90+$D$6*J90+$D$7*K90+$D$8*L90+$D$9*M90 -> -0.015745565 | P90: =$C$10*N90 -> -7872.7823
A91: 76 | B91: 46071 | C91: =$E$5*(1+'Nestlé India Limited'!B134/100) -> 1945.4681 | D91: =$E$6*(1+'Pidilite Industries Limited'!B134/100) -> 2979 | E91: =$E$7*(1+'Divi''s Laboratories Limited'!B134/100) -> 6283.5 | F91: =$E$8*(1+'Bosch Limited'!B134/100) -> 35703.619 | G91: =$E$9*(1+'UltraTech Cement Limited'!B134/100) -> 13052 | I91: =LN(C91/C92) -> 0.011291253 | J91: =LN(D91/D92) -> -0.0040201059 | K91: =LN(E91/E92) -> 0.015396022 | L91: =LN(F91/F92) -> 0.0084666102 | M91: =LN(G91/G92) -> 0.0052235485 | N91: =$D$5*I91+$D$6*J91+$D$7*K91+$D$8*L91+$D$9*M91 -> 0.0072714657 | P91: =$C$10*N91 -> 3635.7328
A92: 77 | B92: 46070 | C92: =$E$5*(1+'Nestlé India Limited'!B135/100) -> 1923.6249 | D92: =$E$6*(1+'Pidilite Industries Limited'!B135/100) -> 2991 | E92: =$E$7*(1+'Divi''s Laboratories Limited'!B135/100) -> 6187.5 | F92: =$E$8*(1+'Bosch Limited'!B135/100) -> 35402.607 | G92: =$E$9*(1+'UltraTech Cement Limited'!B135/100) -> 12984 | I92: =LN(C92/C93) -> -0.0031061955 | J92: =LN(D92/D93) -> 0.0054982035 | K92: =LN(E92/E93) -> 0.0061603502 | L92: =LN(F92/F93) -> -0.0027071481 | M92: =LN(G92/G93) -> 0.0002310803 | N92: =$D$5*I92+$D$6*J92+$D$7*K92+$D$8*L92+$D$9*M92 -> 0.0012152581 | P92: =$C$10*N92 -> 607.62904
A93: 78 | B93: 46069 | C93: =$E$5*(1+'Nestlé India Limited'!B136/100) -> 1929.6094 | D93: =$E$6*(1+'Pidilite Industries Limited'!B136/100) -> 2974.6 | E93: =$E$7*(1+'Divi''s Laboratories Limited'!B136/100) -> 6149.5 | F93: =$E$8*(1+'Bosch Limited'!B136/100) -> 35498.577 | G93: =$E$9*(1+'UltraTech Cement Limited'!B136/100) -> 12981 | I93: =LN(C93/C94) -> 0.0055981175 | J93: =LN(D93/D94) -> 0.0053933927 | K93: =LN(E93/E94) -> -0.0030849188 | L93: =LN(F93/F94) -> -0.0062859902 | M93: =LN(G93/G94) -> 0.0013876043 | N93: =$D$5*I93+$D$6*J93+$D$7*K93+$D$8*L93+$D$9*M93 -> 0.00060164109 | P93: =$C$10*N93 -> 300.82055
A94: 79 | B94: 46066 | C94: =$E$5*(1+'Nestlé India Limited'!B137/100) -> 1918.8374 | D94: =$E$6*(1+'Pidilite Industries Limited'!B137/100) -> 2958.6 | E94: =$E$7*(1+'Divi''s Laboratories Limited'!B137/100) -> 6168.5 | F94: =$E$8*(1+'Bosch Limited'!B137/100) -> 35722.423 | G94: =$E$9*(1+'UltraTech Cement Limited'!B137/100) -> 12963 | I94: =LN(C94/C95) -> -0.017429383 | J94: =LN(D94/D95) -> -0.012161268 | K94: =LN(E94/E95) -> -0.0026713093 | L94: =LN(F94/F95) -> -0.021135829 | M94: =LN(G94/G95) -> -0.0050784966 | N94: =$D$5*I94+$D$6*J94+$D$7*K94+$D$8*L94+$D$9*M94 -> -0.011695257 | P94: =$C$10*N94 -> -5847.6286
... A108: 93 | B108: 46049 | C108: =$E$5*(1+'Nestlé India Limited'!B151/100) -> 1950.2557 | D108: =$E$6*(1+'Pidilite Industries Limited'!B151/100) -> 2894.4 | E108: =$E$7*(1+'Divi''s Laboratories Limited'!B151/100) -> 6056 | F108: =$E$8*(1+'Bosch Limited'!B151/100) -> 35383.453 | G108: =$E$9*(1+'UltraTech Cement Limited'!B151/100) -> 12589 | I108: =LN(C108/C109) -> 0.0078942205 | J108: =LN(D108/D109) -> -0.00048357571 | K108: =LN(E108/E109) -> 0.0073752147 | L108: =LN(F108/F109) -> 0.0027457303 | M108: =LN(G108/G109) -> 0.017630074 | N108: =$D$5*I108+$D$6*J108+$D$7*K108+$D$8*L108+$D$9*M108 -> 0.0070323328 | P108: =$C$10*N108 -> 3516.1664
A109: 94 | B109: 46045 | C109: =$E$5*(1+'Nestlé India Limited'!B153/100) -> 1934.9206 | D109: =$E$6*(1+'Pidilite Industries Limited'!B153/100) -> 2895.8 | E109: =$E$7*(1+'Divi''s Laboratories Limited'!B153/100) -> 6011.5 | F109: =$E$8*(1+'Bosch Limited'!B153/100) -> 35286.433 | G109: =$E$9*(1+'UltraTech Cement Limited'!B153/100) -> 12369 | I109: =LN(C109/C110) -> -0.0096953668 | J109: =LN(D109/D110) -> -0.0033784981 | K109: =LN(E109/E110) -> -0.0098490347 | L109: =LN(F109/F110) -> -0.012579597 | M109: =LN(G109/G110) -> 0.00040431812 | N109: =$D$5*I109+$D$6*J109+$D$7*K109+$D$8*L109+$D$9*M109 -> -0.0070196357 | P109: =$C$10*N109 -> -3509.8179
A110: 95 | B110: 46044 | C110: =$E$5*(1+'Nestlé India Limited'!B154/100) -> 1953.7716 | D110: =$E$6*(1+'Pidilite Industries Limited'!B154/100) -> 2905.6 | E110: =$E$7*(1+'Divi''s Laboratories Limited'!B154/100) -> 6071 | F110: =$E$8*(1+'Bosch Limited'!B154/100) -> 35733.126 | G110: =$E$9*(1+'UltraTech Cement Limited'!B154/100) -> 12364 | I110: =LN(C110/C111) -> 0.01808116 | J110: =LN(D110/D111) -> 0.021569054 | K110: =LN(E110/E111) -> 0.010098588 | L110: =LN(F110/F111) -> 0.016578614 | M110: =LN(G110/G111) -> 0.010815312 | N110: =$D$5*I110+$D$6*J110+$D$7*K110+$D$8*L110+$D$9*M110 -> 0.015428546 | P110: =$C$10*N110 -> 7714.2728
A111: 96 | B111: 46043 | C111: =$E$5*(1+'Nestlé India Limited'!B155/100) -> 1918.7626 | D111: =$E$6*(1+'Pidilite Industries Limited'!B155/100) -> 2843.6 | E111: =$E$7*(1+'Divi''s Laboratories Limited'!B155/100) -> 6010 | F111: =$E$8*(1+'Bosch Limited'!B155/100) -> 35145.603 | G111: =$E$9*(1+'UltraTech Cement Limited'!B155/100) -> 12231 | I111: =LN(C111/C112) -> -0.0095835603 | J111: =LN(D111/D112) -> -0.0093805378 | K111: =LN(E111/E112) -> -0.00049904351 | L111: =LN(F111/F112) -> -0.010415625 | M111: =LN(G111/G112) -> 0.014162443 | N111: =$D$5*I111+$D$6*J111+$D$7*K111+$D$8*L111+$D$9*M111 -> -0.0031432647 | P111: =$C$10*N111 -> -1571.6324
A112: 97 | B112: 46042 | C112: =$E$5*(1+'Nestlé India Limited'!B156/100) -> 1937.2395 | D112: =$E$6*(1+'Pidilite Industries Limited'!B156/100) -> 2870.4 | E112: =$E$7*(1+'Divi''s Laboratories Limited'!B156/100) -> 6013 | F112: =$E$8*(1+'Bosch Limited'!B156/100) -> 35513.58 | G112: =$E$9*(1+'UltraTech Cement Limited'!B156/100) -> 12059 | I112: =LN(C112/C113) -> -0.016049987 | J112: =LN(D112/D113) -> -0.027218175 | K112: =LN(E112/E113) -> -0.02090095 | L112: =LN(F112/F113) -> -0.025801937 | M112: =LN(G112/G113) -> -0.019544061 | N112: =$D$5*I112+$D$6*J112+$D$7*K112+$D$8*L112+$D$9*M112 -> -0.021903022 | P112: =$C$10*N112 -> -10951.511
A113: 98 | B113: 46041 | C113: =$E$5*(1+'Nestlé India Limited'!B157/100) -> 1968.5831 | D113: =$E$6*(1+'Pidilite Industries Limited'!B157/100) -> 2949.6 | E113: =$E$7*(1+'Divi''s Laboratories Limited'!B157/100) -> 6140 | F113: =$E$8*(1+'Bosch Limited'!B157/100) -> 36441.823 | G113: =$E$9*(1+'UltraTech Cement Limited'!B157/100) -> 12297 | I113: =LN(C113/C114) -> 0.00041808404 | J113: =LN(D113/D114) -> -0.0012197603 | K113: =LN(E113/E114) -> -0.015514209 | L113: =LN(F113/F114) -> -0.010890346 | M113: =LN(G113/G114) -> -0.0065653731 | N113: =$D$5*I113+$D$6*J113+$D$7*K113+$D$8*L113+$D$9*M113 -> -0.0067543209 | P113: =$C$10*N113 -> -3377.1604
A114: 99 | B114: 46038 | C114: =$E$5*(1+'Nestlé India Limited'!B158/100) -> 1967.7602 | D114: =$E$6*(1+'Pidilite Industries Limited'!B158/100) -> 2953.2 | E114: =$E$7*(1+'Divi''s Laboratories Limited'!B158/100) -> 6236 | F114: =$E$8*(1+'Bosch Limited'!B158/100) -> 36840.856 | G114: =$E$9*(1+'UltraTech Cement Limited'!B158/100) -> 12378 | I114: =LN(C114/C115) -> 0.0059098447 | J114: =LN(D114/D115) -> -0.012584708 | K114: =LN(E114/E115) -> -0.018981629 | L114: =LN(F114/F115) -> -0.016547016 | M114: =LN(G114/G115) -> 0.0099866863 | N114: =$D$5*I114+$D$6*J114+$D$7*K114+$D$8*L114+$D$9*M114 -> -0.0064433642 | P114: =$C$10*N114 -> -3221.6821
A115: 100 | B115: 46036 | C115: =$E$5*(1+'Nestlé India Limited'!B160/100) -> 1956.1653 | D115: =$E$6*(1+'Pidilite Industries Limited'!B160/100) -> 2990.6 | E115: =$E$7*(1+'Divi''s Laboratories Limited'!B160/100) -> 6355.5 | F115: =$E$8*(1+'Bosch Limited'!B160/100) -> 37455.533 | G115: =$E$9*(1+'UltraTech Cement Limited'!B160/100) -> 12255 | I115: =LN(C115/C116) -> -0.008491569 | J115: =LN(D115/D116) -> -0.0024046501 | K115: =LN(E115/E116) -> -0.012664334 | L115: =LN(F115/F116) -> -0.011274666 | M115: =LN(G115/G116) -> 0.017367406 | N115: =$D$5*I115+$D$6*J115+$D$7*K115+$D$8*L115+$D$9*M115 -> -0.0034935627 | P115: =$C$10*N115 -> -1746.7814
A116: 101 | B116: 46035 | C116: =$E$5*(1+'Nestlé India Limited'!B161/100) -> 1972.847 | D116: =$E$6*(1+'Pidilite Industries Limited'!B161/100) -> 2997.8 | E116: =$E$7*(1+'Divi''s Laboratories Limited'!B161/100) -> 6436.5 | F116: =$E$8*(1+'Bosch Limited'!B161/100) -> 37880.222 | G116: =$E$9*(1+'UltraTech Cement Limited'!B161/100) -> 12044 | I116: =LN(C116/C117) -> 0.0061997422 | J116: =LN(D116/D117) -> -0.0012667935 | K116: =LN(E116/E117) -> -0.0075840017 | L116: =LN(F116/F117) -> 0.0056187882 | M116: =LN(G116/G117) -> -0.0044735391 | N116: =$D$5*I116+$D$6*J116+$D$7*K116+$D$8*L116+$D$9*M116 -> -0.00030116078 | P116: =$C$10*N116 -> -150.58039
A117: 102 | B117: 46034 | C117: =$E$5*(1+'Nestlé India Limited'!B162/100) -> 1960.6537 | D117: =$E$6*(1+'Pidilite Industries Limited'!B162/100) -> 3001.6 | E117: =$E$7*(1+'Divi''s Laboratories Limited'!B162/100) -> 6485.5 | F117: =$E$8*(1+'Bosch Limited'!B162/100) -> 37667.978 | G117: =$E$9*(1+'UltraTech Cement Limited'!B162/100) -> 12098 | I117: =LN(C117/C118) -> 0.008852498 | J117: =LN(D117/D118) -> 0.011055019 | K117: =LN(E117/E118) -> -0.019997613 | L117: =LN(F117/F118) -> -0.0090533879 | M117: =LN(G117/G118) -> 0.01339733 | N117: =$D$5*I117+$D$6*J117+$D$7*K117+$D$8*L117+$D$9*M117 -> 0.00085076897 | P117: =$C$10*N117 -> 425.38448
A118: 103 | B118: 46031 | C118: =$E$5*(1+'Nestlé India Limited'!B163/100) -> 1943.3736 | D118: =$E$6*(1+'Pidilite Industries Limited'!B163/100) -> 2968.6 | E118: =$E$7*(1+'Divi''s Laboratories Limited'!B163/100) -> 6616.5 | F118: =$E$8*(1+'Bosch Limited'!B163/100) -> 38010.549 | G118: =$E$9*(1+'UltraTech Cement Limited'!B163/100) -> 11937 | I118: =LN(C118/C119) -> -0.0059486292 | J118: =LN(D118/D119) -> -0.011055019 | K118: =LN(E118/E119) -> 0.0024211255 | L118: =LN(F118/F119) -> -0.017004717 | M118: =LN(G118/G119) -> -0.010582991 | N118: =$D$5*I118+$D$6*J118+$D$7*K118+$D$8*L118+$D$9*M118 -> -0.008434046 | P118: =$C$10*N118 -> -4217.023
A119: 104 | B119: 46030 | C119: =$E$5*(1+'Nestlé India Limited'!B164/100) -> 1954.9684 | D119: =$E$6*(1+'Pidilite Industries Limited'!B164/100) -> 3001.6 | E119: =$E$7*(1+'Divi''s Laboratories Limited'!B164/100) -> 6600.5 | F119: =$E$8*(1+'Bosch Limited'!B164/100) -> 38662.434 | G119: =$E$9*(1+'UltraTech Cement Limited'!B164/100) -> 12064 | I119: =LN(C119/C120) -> -0.0057993295 | J119: =LN(D119/D120) -> -0.0092851178 | K119: =LN(E119/E120) -> -0.0063429949 | L119: =LN(F119/F120) -> -0.012554609 | M119: =LN(G119/G120) -> -0.0098978043 | N119: =$D$5*I119+$D$6*J119+$D$7*K119+$D$8*L119+$D$9*M119 -> -0.0087759712 | P119: =$C$10*N119 -> -4387.9856
A120: 105 | B120: 46029 | C120: =$E$5*(1+'Nestlé India Limited'!B165/100) -> 1966.3389 | D120: =$E$6*(1+'Pidilite Industries Limited'!B165/100) -> 3029.6 | E120: =$E$7*(1+'Divi''s Laboratories Limited'!B165/100) -> 6642.5 | F120: =$E$8*(1+'Bosch Limited'!B165/100) -> 39150.886 | G120: =$E$9*(1+'UltraTech Cement Limited'!B165/100) -> 12184 | I120: =LN(C120/C121) -> -0.0039865649 | J120: =LN(D120/D121) -> 0.0064905188 | K120: =LN(E120/E121) -> 0 | L120: =LN(F120/F121) -> 0.0046296912 | M120: =LN(G120/G121) -> -0.0016401513 | N120: =$D$5*I120+$D$6*J120+$D$7*K120+$D$8*L120+$D$9*M120 -> 0.0010986988 | P120: =$C$10*N120 -> 549.3494
A121: 106 | B121: 46028 | C121: =$E$5*(1+'Nestlé India Limited'!B166/100) -> 1974.1935 | D121: =$E$6*(1+'Pidilite Industries Limited'!B166/100) -> 3010 | E121: =$E$7*(1+'Divi''s Laboratories Limited'!B166/100) -> 6642.5 | F121: =$E$8*(1+'Bosch Limited'!B166/100) -> 38970.048 | G121: =$E$9*(1+'UltraTech Cement Limited'!B166/100) -> 12204 | I121: =LN(C121/C122) -> 0.0040626539 | J121: =LN(D121/D122) -> 0 | K121: =LN(E121/E122) -> 0.042909858 | L121: =LN(F121/F122) -> -0.0058335317 | M121: =LN(G121/G122) -> 0.009633272 | N121: =$D$5*I121+$D$6*J121+$D$7*K121+$D$8*L121+$D$9*M121 -> 0.01015445 | P121: =$C$10*N121 -> 5077.2252
...

Sheet Charts
A1: Bin | B1: Frequency | C1: Normal Curve | E1: Date | F1: Portfolio Value (Rs) | G1: Baseline | I1: Rolling VaR 95% (Rs) | J1: Rolling VaR 99% (Rs) | N1: Asset | O1: Standalone VaR 95% (Rs) | P1: Param VaR 95% if diversified
A2: -0.05 | B2: {=FREQUENCY(Calculation!$N$16:$N$1252,Charts!$A$2:$A$42)} -> 0 | C2: =(_xlfn.NORM.DIST(A2,AVERAGE(Calculation!$N$16:$N$1252),_xlfn.STDEV.S(Calculation!$N$16:$N$1252),FALSE))*0.0025*COUNT(Calculation!$N$16:$N$1252) -> 6.5340427e-05 | E2: =Calculation!B16 -> 46185 | F2: =F3*(1+Calculation!N16) -> 531245.77 | G2: =Calculation!$C$10 -> 500000 | I2: =ABS(PERCENTILE(OFFSET(Calculation!$N$16, ROW()-2, 0, 30, 1), 0.05))*500000 -> 5817.3162 | J2: =ABS(PERCENTILE(OFFSET(Calculation!$N$16, ROW()-2, 0, 30, 1), 0.01))*500000 -> 7368.0784 | N2: {=Summary!A5:A9} -> Nestle India | O2: {=Summary!F47:F51} -> 2177.6234 | R2: Σ | S2: Nestle_India | T2: Pidilite_Industries | U2: Divis_Laboratories | V2: Bosch | W2: UltraTech_Cement
A3: =A2+0.25% -> -0.0475 | B3: 0 | C3: =(_xlfn.NORM.DIST(A3,AVERAGE(Calculation!$N$16:$N$1252),_xlfn.STDEV.S(Calculation!$N$16:$N$1252),FALSE))*0.0025*COUNT(Calculation!$N$16:$N$1252) -> 0.00022694241 | E3: =Calculation!B17 -> 46184 | F3: =F4*(1+Calculation!N17) -> 525538.36 | G3: =Calculation!$C$10 -> 500000 | I3: =ABS(PERCENTILE(OFFSET(Calculation!$N$16, ROW()-2, 0, 30, 1), 0.05))*500000 -> 5817.3162 | J3: =ABS(PERCENTILE(OFFSET(Calculation!$N$16, ROW()-2, 0, 30, 1), 0.01))*500000 -> 7368.0784 | N3: Pidilite Industries | O3: 2135.4765 | R3: Nestle_India | S3: 0.00014194026 | T3: 5.3041311e-05 | U3: 3.2666305e-05 | V3: 4.4765889e-05 | W3: 5.0551904e-05
A4: =A3+0.25% -> -0.045 | B4: 0 | C4: =(_xlfn.NORM.DIST(A4,AVERAGE(Calculation!$N$16:$N$1252),_xlfn.STDEV.S(Calculation!$N$16:$N$1252),FALSE))*0.0025*COUNT(Calculation!$N$16:$N$1252) -> 0.00073975267 | E4: =Calculation!B18 -> 46183 | F4: =F5*(1+Calculation!N18) -> 528036.17 | G4: =Calculation!$C$10 -> 500000 | I4: =ABS(PERCENTILE(OFFSET(Calculation!$N$16, ROW()-2, 0, 30, 1), 0.05))*500000 -> 5817.3162 | J4: =ABS(PERCENTILE(OFFSET(Calculation!$N$16, ROW()-2, 0, 30, 1), 0.01))*500000 -> 7368.0784 | N4: Divi's Laboratories | O4: 2301.745 | R4: Pidilite_Industries | S4: 5.3041311e-05 | T4: 0.00017927902 | U4: 5.273156e-05 | V4: 6.4315507e-05 | W4: 6.9559756e-05
A5: =A4+0.25% -> -0.0425 | B5: 0 | C5: =(_xlfn.NORM.DIST(A5,AVERAGE(Calculation!$N$16:$N$1252),_xlfn.STDEV.S(Calculation!$N$16:$N$1252),FALSE))*0.0025*COUNT(Calculation!$N$16:$N$1252) -> 0.0022630524 | E5: =Calculation!B19 -> 46182 | F5: =F6*(1+Calculation!N19) -> 526567.63 | G5: =Calculation!$C$10 -> 500000 | I5: =ABS(PERCENTILE(OFFSET(Calculation!$N$16, ROW()-2, 0, 30, 1), 0.05))*500000 -> 5817.3162 | J5: =ABS(PERCENTILE(OFFSET(Calculation!$N$16, ROW()-2, 0, 30, 1), 0.01))*500000 -> 7368.0784 | N5: Bosch Ltd | O5: 3025.7816 | R5: Divis_Laboratories | S5: 3.2666305e-05 | T5: 5.273156e-05 | U5: 0.00028552612 | V5: 5.9658334e-05 | W5: 6.2477359e-05
A6: =A5+0.25% -> -0.04 | B6: 0 | C6: =(_xlfn.NORM.DIST(A6,AVERAGE(Calculation!$N$16:$N$1252),_xlfn.STDEV.S(Calculation!$N$16:$N$1252),FALSE))*0.0025*COUNT(Calculation!$N$16:$N$1252) -> 0.0064974041 | E6: =Calculation!B20 -> 46181 | F6: =F7*(1+Calculation!N20) -> 516010.54 | G6: =Calculation!$C$10 -> 500000 | I6: =ABS(PERCENTILE(OFFSET(Calculation!$N$16, ROW()-2, 0, 30, 1), 0.05))*500000 -> 5817.3162 | J6: =ABS(PERCENTILE(OFFSET(Calculation!$N$16, ROW()-2, 0, 30, 1), 0.01))*500000 -> 7368.0784 | N6: UltraTech Cement | O6: 2368.663 | R6: Bosch | S6: 4.4765889e-05 | T6: 6.4315507e-05 | U6: 5.9658334e-05 | V6: 0.0002600416 | W6: 8.3871918e-05
A7: =A6+0.25% -> -0.0375 | B7: 0 | C7: =(_xlfn.NORM.DIST(A7,AVERAGE(Calculation!$N$16:$N$1252),_xlfn.STDEV.S(Calculation!$N$16:$N$1252),FALSE))*0.0025*COUNT(Calculation!$N$16:$N$1252) -> 0.017507427 | E7: =Calculation!B21 -> 46178 | F7: =F8*(1+Calculation!N21) -> 521006.08 | G7: =Calculation!$C$10 -> 500000 | I7: =ABS(PERCENTILE(OFFSET(Calculation!$N$16, ROW()-2, 0, 30, 1), 0.05))*500000 -> 5817.3162 | J7: =ABS(PERCENTILE(OFFSET(Calculation!$N$16, ROW()-2, 0, 30, 1), 0.01))*500000 -> 7368.0784 | N7: Portfolio (diversified) | O7: =Summary!F52 -> 12009.29 | P7: =Summary!B39 -> 8013.6618 | R7: UltraTech_Cement | S7: 5.0551904e-05 | T7: 6.9559756e-05 | U7: 6.2477359e-05 | V7: 8.3871918e-05 | W7: 0.00021082584
A8: =A7+0.25% -> -0.035 | B8: 0 | C8: =(_xlfn.NORM.DIST(A8,AVERAGE(Calculation!$N$16:$N$1252),_xlfn.STDEV.S(Calculation!$N$16:$N$1252),FALSE))*0.0025*COUNT(Calculation!$N$16:$N$1252) -> 0.044273308 | E8: =Calculation!B22 -> 46177 | F8: =F9*(1+Calculation!N22) -> 519867.43 | G8: =Calculation!$C$10 -> 500000 | I8: =ABS(PERCENTILE(OFFSET(Calculation!$N$16, ROW()-2, 0, 30, 1), 0.05))*500000 -> 5817.3162 | J8: =ABS(PERCENTILE(OFFSET(Calculation!$N$16, ROW()-2, 0, 30, 1), 0.01))*500000 -> 7368.0784
A9: =A8+0.25% -> -0.0325 | B9: 2 | C9: =(_xlfn.NORM.DIST(A9,AVERAGE(Calculation!$N$16:$N$1252),_xlfn.STDEV.S(Calculation!$N$16:$N$1252),FALSE))*0.0025*COUNT(Calculation!$N$16:$N$1252) -> 0.10507486 | E9: =Calculation!B23 -> 46176 | F9: =F10*(1+Calculation!N23) -> 523266.73 | G9: =Calculation!$C$10 -> 500000 | I9: =ABS(PERCENTILE(OFFSET(Calculation!$N$16, ROW()-2, 0, 30, 1), 0.05))*500000 -> 5817.3162 | J9: =ABS(PERCENTILE(OFFSET(Calculation!$N$16, ROW()-2, 0, 30, 1), 0.01))*500000 -> 7368.0784
A10: =A9+0.25% -> -0.03 | B10: 3 | C10: =(_xlfn.NORM.DIST(A10,AVERAGE(Calculation!$N$16:$N$1252),_xlfn.STDEV.S(Calculation!$N$16:$N$1252),FALSE))*0.0025*COUNT(Calculation!$N$16:$N$1252) -> 0.23404148 | E10: =Calculation!B24 -> 46175 | F10: =F11*(1+Calculation!N24) -> 521209.98 | G10: =Calculation!$C$10 -> 500000 | I10: =ABS(PERCENTILE(OFFSET(Calculation!$N$16, ROW()-2, 0, 30, 1), 0.05))*500000 -> 5817.3162 | J10: =ABS(PERCENTILE(OFFSET(Calculation!$N$16, ROW()-2, 0, 30, 1), 0.01))*500000 -> 7368.0784
A11: =A10+0.25% -> -0.0275 | B11: 0 | C11: =(_xlfn.NORM.DIST(A11,AVERAGE(Calculation!$N$16:$N$1252),_xlfn.STDEV.S(Calculation!$N$16:$N$1252),FALSE))*0.0025*COUNT(Calculation!$N$16:$N$1252) -> 0.48924237 | E11: =Calculation!B25 -> 46174 | F11: =F12*(1+Calculation!N25) -> 520164.75 | G11: =Calculation!$C$10 -> 500000 | I11: =ABS(PERCENTILE(OFFSET(Calculation!$N$16, ROW()-2, 0, 30, 1), 0.05))*500000 -> 5817.3162 | J11: =ABS(PERCENTILE(OFFSET(Calculation!$N$16, ROW()-2, 0, 30, 1), 0.01))*500000 -> 7368.0784
A12: =A11+0.25% -> -0.025 | B12: 0 | C12: =(_xlfn.NORM.DIST(A12,AVERAGE(Calculation!$N$16:$N$1252),_xlfn.STDEV.S(Calculation!$N$16:$N$1252),FALSE))*0.0025*COUNT(Calculation!$N$16:$N$1252) -> 0.95982591 | E12: =Calculation!B26 -> 46171 | F12: =F13*(1+Calculation!N26) -> 528573.95 | G12: =Calculation!$C$10 -> 500000 | I12: =ABS(PERCENTILE(OFFSET(Calculation!$N$16, ROW()-2, 0, 30, 1), 0.05))*500000 -> 5492.7965 | J12: =ABS(PERCENTILE(OFFSET(Calculation!$N$16, ROW()-2, 0, 30, 1), 0.01))*500000 -> 5858.1235
A13: =A12+0.25% -> -0.0225 | B13: 0 | C13: =(_xlfn.NORM.DIST(A13,AVERAGE(Calculation!$N$16:$N$1252),_xlfn.STDEV.S(Calculation!$N$16:$N$1252),FALSE))*0.0025*COUNT(Calculation!$N$16:$N$1252) -> 1.7672503 | E13: =Calculation!B27 -> 46169 | F13: =F14*(1+Calculation!N27) -> 530832.98 | G13: =Calculation!$C$10 -> 500000 | I13: =ABS(PERCENTILE(OFFSET(Calculation!$N$16, ROW()-2, 0, 30, 1), 0.05))*500000 -> 5492.7965 | J13: =ABS(PERCENTILE(OFFSET(Calculation!$N$16, ROW()-2, 0, 30, 1), 0.01))*500000 -> 5858.1235
A14: =A13+0.25% -> -0.02 | B14: 3 | C14: =(_xlfn.NORM.DIST(A14,AVERAGE(Calculation!$N$16:$N$1252),_xlfn.STDEV.S(Calculation!$N$16:$N$1252),FALSE))*0.0025*COUNT(Calculation!$N$16:$N$1252) -> 3.0538019 | E14: =Calculation!B28 -> 46168 | F14: =F15*(1+Calculation!N28) -> 528977.99 | G14: =Calculation!$C$10 -> 500000 | I14: =ABS(PERCENTILE(OFFSET(Calculation!$N$16, ROW()-2, 0, 30, 1), 0.05))*500000 -> 5817.3162 | J14: =ABS(PERCENTILE(OFFSET(Calculation!$N$16, ROW()-2, 0, 30, 1), 0.01))*500000 -> 7032.9143
A15: =A14+0.25% -> -0.0175 | B15: 1 | C15: =(_xlfn.NORM.DIST(A15,AVERAGE(Calculation!$N$16:$N$1252),_xlfn.STDEV.S(Calculation!$N$16:$N$1252),FALSE))*0.0025*COUNT(Calculation!$N$16:$N$1252) -> 4.9524585 | E15: =Calculation!B29 -> 46167 | F15: =F16*(1+Calculation!N29) -> 530133.91 | G15: =Calculation!$C$10 -> 500000 | I15: =ABS(PERCENTILE(OFFSET(Calculation!$N$16, ROW()-2, 0, 30, 1), 0.05))*500000 -> 5817.3162 | J15: =ABS(PERCENTILE(OFFSET(Calculation!$N$16, ROW()-2, 0, 30, 1), 0.01))*500000 -> 7032.9143
A16: =A15+0.25% -> -0.015 | B16: 5 | C16: =(_xlfn.NORM.DIST(A16,AVERAGE(Calculation!$N$16:$N$1252),_xlfn.STDEV.S(Calculation!$N$16:$N$1252),FALSE))*0.0025*COUNT(Calculation!$N$16:$N$1252) -> 7.5376857 | E16: =Calculation!B30 -> 46164 | F16: =F17*(1+Calculation!N30) -> 530747.32 | G16: =Calculation!$C$10 -> 500000 | I16: =ABS(PERCENTILE(OFFSET(Calculation!$N$16, ROW()-2, 0, 30, 1), 0.05))*500000 -> 5817.3162 | J16: =ABS(PERCENTILE(OFFSET(Calculation!$N$16, ROW()-2, 0, 30, 1), 0.01))*500000 -> 7032.9143
A17: =A16+0.25% -> -0.0125 | B17: 6 | C17: =(_xlfn.NORM.DIST(A17,AVERAGE(Calculation!$N$16:$N$1252),_xlfn.STDEV.S(Calculation!$N$16:$N$1252),FALSE))*0.0025*COUNT(Calculation!$N$16:$N$1252) -> 10.766942 | E17: =Calculation!B31 -> 46163 | F17: =F18*(1+Calculation!N31) -> 525225.71 | G17: =Calculation!$C$10 -> 500000 | I17: =ABS(PERCENTILE(OFFSET(Calculation!$N$16, ROW()-2, 0, 30, 1), 0.05))*500000 -> 5817.3162 | J17: =ABS(PERCENTILE(OFFSET(Calculation!$N$16, ROW()-2, 0, 30, 1), 0.01))*500000 -> 7032.9143
A18: =A17+0.25% -> -0.01 | B18: 9 | C18: =(_xlfn.NORM.DIST(A18,AVERAGE(Calculation!$N$16:$N$1252),_xlfn.STDEV.S(Calculation!$N$16:$N$1252),FALSE))*0.0025*COUNT(Calculation!$N$16:$N$1252) -> 14.433909 | E18: =Calculation!B32 -> 46162 | F18: =F19*(1+Calculation!N32) -> 529764.92 | G18: =Calculation!$C$10 -> 500000 | I18: =ABS(PERCENTILE(OFFSET(Calculation!$N$16, ROW()-2, 0, 30, 1), 0.05))*500000 -> 5817.3162 | J18: =ABS(PERCENTILE(OFFSET(Calculation!$N$16, ROW()-2, 0, 30, 1), 0.01))*500000 -> 7032.9143
A19: =A18+0.25% -> -0.0075 | B19: 15 | C19: =(_xlfn.NORM.DIST(A19,AVERAGE(Calculation!$N$16:$N$1252),_xlfn.STDEV.S(Calculation!$N$16:$N$1252),FALSE))*0.0025*COUNT(Calculation!$N$16:$N$1252) -> 18.159868 | E19: =Calculation!B33 -> 46161 | F19: =F20*(1+Calculation!N33) -> 531332.37 | G19: =Calculation!$C$10 -> 500000 | I19: =ABS(PERCENTILE(OFFSET(Calculation!$N$16, ROW()-2, 0, 30, 1), 0.05))*500000 -> 5817.3162 | J19: =ABS(PERCENTILE(OFFSET(Calculation!$N$16, ROW()-2, 0, 30, 1), 0.01))*500000 -> 7032.9143
... A42: =A41+0.25% -> 0.05 | B42: 0 | C42: =(_xlfn.NORM.DIST(A42,AVERAGE(Calculation!$N$16:$N$1252),_xlfn.STDEV.S(Calculation!$N$16:$N$1252),FALSE))*0.0025*COUNT(Calculation!$N$16:$N$1252) -> 8.8214243e-05 | E42: =Calculation!B56 -> 46127 | F42: =F43*(1+Calculation!N56) -> 501017.73 | G42: =Calculation!$C$10 -> 500000 | I42: =ABS(PERCENTILE(OFFSET(Calculation!$N$16, ROW()-2, 0, 30, 1), 0.05))*500000 -> 15842.06 | J42: =ABS(PERCENTILE(OFFSET(Calculation!$N$16, ROW()-2, 0, 30, 1), 0.01))*500000 -> 16280.832
E43: =Calculation!B57 -> 46125 | F43: =F44*(1+Calculation!N57) -> 493082.29 | G43: =Calculation!$C$10 -> 500000 | I43: =ABS(PERCENTILE(OFFSET(Calculation!$N$16, ROW()-2, 0, 30, 1), 0.05))*500000 -> 15842.06 | J43: =ABS(PERCENTILE(OFFSET(Calculation!$N$16, ROW()-2, 0, 30, 1), 0.01))*500000 -> 16280.832
E44: =Calculation!B58 -> 46122 | F44: =F45*(1+Calculation!N58) -> 500573.42 | G44: =Calculation!$C$10 -> 500000 | I44: =ABS(PERCENTILE(OFFSET(Calculation!$N$16, ROW()-2, 0, 30, 1), 0.05))*500000 -> 15842.06 | J44: =ABS(PERCENTILE(OFFSET(Calculation!$N$16, ROW()-2, 0, 30, 1), 0.01))*500000 -> 16280.832
E45: =Calculation!B59 -> 46121 | F45: =F46*(1+Calculation!N59) -> 492945.67 | G45: =Calculation!$C$10 -> 500000 | I45: =ABS(PERCENTILE(OFFSET(Calculation!$N$16, ROW()-2, 0, 30, 1), 0.05))*500000 -> 15842.06 | J45: =ABS(PERCENTILE(OFFSET(Calculation!$N$16, ROW()-2, 0, 30, 1), 0.01))*500000 -> 16280.832
E46: =Calculation!B60 -> 46120 | F46: =F47*(1+Calculation!N60) -> 490168.75 | G46: =Calculation!$C$10 -> 500000 | I46: =ABS(PERCENTILE(OFFSET(Calculation!$N$16, ROW()-2, 0, 30, 1), 0.05))*500000 -> 15842.06 | J46: =ABS(PERCENTILE(OFFSET(Calculation!$N$16, ROW()-2, 0, 30, 1), 0.01))*500000 -> 16280.832
E47: =Calculation!B61 -> 46119 | F47: =F48*(1+Calculation!N61) -> 473669.05 | G47: =Calculation!$C$10 -> 500000 | I47: =ABS(PERCENTILE(OFFSET(Calculation!$N$16, ROW()-2, 0, 30, 1), 0.05))*500000 -> 15842.06 | J47: =ABS(PERCENTILE(OFFSET(Calculation!$N$16, ROW()-2, 0, 30, 1), 0.01))*500000 -> 16280.832
E48: =Calculation!B62 -> 46118 | F48: =F49*(1+Calculation!N62) -> 472589.61 | G48: =Calculation!$C$10 -> 500000 | I48: =ABS(PERCENTILE(OFFSET(Calculation!$N$16, ROW()-2, 0, 30, 1), 0.05))*500000 -> 15842.06 | J48: =ABS(PERCENTILE(OFFSET(Calculation!$N$16, ROW()-2, 0, 30, 1), 0.01))*500000 -> 16280.832
E49: =Calculation!B63 -> 46114 | F49: =F50*(1+Calculation!N63) -> 463406.58 | G49: =Calculation!$C$10 -> 500000 | I49: =ABS(PERCENTILE(OFFSET(Calculation!$N$16, ROW()-2, 0, 30, 1), 0.05))*500000 -> 15842.06 | J49: =ABS(PERCENTILE(OFFSET(Calculation!$N$16, ROW()-2, 0, 30, 1), 0.01))*500000 -> 16280.832
E50: =Calculation!B64 -> 46113 | F50: =F51*(1+Calculation!N64) -> 462054.16 | G50: =Calculation!$C$10 -> 500000 | I50: =ABS(PERCENTILE(OFFSET(Calculation!$N$16, ROW()-2, 0, 30, 1), 0.05))*500000 -> 15842.06 | J50: =ABS(PERCENTILE(OFFSET(Calculation!$N$16, ROW()-2, 0, 30, 1), 0.01))*500000 -> 16280.832
E51: =Calculation!B65 -> 46111 | F51: =F52*(1+Calculation!N65) -> 455172.11 | G51: =Calculation!$C$10 -> 500000 | I51: =ABS(PERCENTILE(OFFSET(Calculation!$N$16, ROW()-2, 0, 30, 1), 0.05))*500000 -> 15842.06 | J51: =ABS(PERCENTILE(OFFSET(Calculation!$N$16, ROW()-2, 0, 30, 1), 0.01))*500000 -> 16280.832
E52: =Calculation!B66 -> 46108 | F52: =F53*(1+Calculation!N66) -> 465078.6 | G52: =Calculation!$C$10 -> 500000 | I52: =ABS(PERCENTILE(OFFSET(Calculation!$N$16, ROW()-2, 0, 30, 1), 0.05))*500000 -> 15842.06 | J52: =ABS(PERCENTILE(OFFSET(Calculation!$N$16, ROW()-2, 0, 30, 1), 0.01))*500000 -> 16280.832
E53: =Calculation!B67 -> 46106 | F53: =F54*(1+Calculation!N67) -> 473238.43 | G53: =Calculation!$C$10 -> 500000 | I53: =ABS(PERCENTILE(OFFSET(Calculation!$N$16, ROW()-2, 0, 30, 1), 0.05))*500000 -> 15842.06 | J53: =ABS(PERCENTILE(OFFSET(Calculation!$N$16, ROW()-2, 0, 30, 1), 0.01))*500000 -> 16280.832
E54: =Calculation!B68 -> 46105 | F54: =F55*(1+Calculation!N68) -> 464923.65 | G54: =Calculation!$C$10 -> 500000 | I54: =ABS(PERCENTILE(OFFSET(Calculation!$N$16, ROW()-2, 0, 30, 1), 0.05))*500000 -> 15842.06 | J54: =ABS(PERCENTILE(OFFSET(Calculation!$N$16, ROW()-2, 0, 30, 1), 0.01))*500000 -> 16280.832
... E218: =Calculation!B232 -> 45863 | F218: =F219*(1+Calculation!N232) -> 517352.36 | G218: =Calculation!$C$10 -> 500000 | I218: =ABS(PERCENTILE(OFFSET(Calculation!$N$16, ROW()-2, 0, 30, 1), 0.05))*500000 -> 5150.7101 | J218: =ABS(PERCENTILE(OFFSET(Calculation!$N$16, ROW()-2, 0, 30, 1), 0.01))*500000 -> 6913.5007
E219: =Calculation!B233 -> 45862 | F219: =F220*(1+Calculation!N233) -> 520696.09 | G219: =Calculation!$C$10 -> 500000
E220: =Calculation!B234 -> 45861 | F220: =F221*(1+Calculation!N234) -> 528344.3 | G220: =Calculation!$C$10 -> 500000
E221: =Calculation!B235 -> 45860 | F221: =F222*(1+Calculation!N235) -> 527950.89 | G221: =Calculation!$C$10 -> 500000
E222: =Calculation!B236 -> 45859 | F222: =F223*(1+Calculation!N236) -> 534492.28 | G222: =Calculation!$C$10 -> 500000
E223: =Calculation!B237 -> 45856 | F223: =F224*(1+Calculation!N237) -> 533726.47 | G223: =Calculation!$C$10 -> 500000
E224: =Calculation!B238 -> 45855 | F224: =F225*(1+Calculation!N238) -> 535992.72 | G224: =Calculation!$C$10 -> 500000
E225: =Calculation!B239 -> 45854 | F225: =F226*(1+Calculation!N239) -> 536217.46 | G225: =Calculation!$C$10 -> 500000
E226: =Calculation!B240 -> 45853 | F226: =F227*(1+Calculation!N240) -> 533919.01 | G226: =Calculation!$C$10 -> 500000
E227: =Calculation!B241 -> 45852 | F227: =F228*(1+Calculation!N241) -> 530343.68 | G227: =Calculation!$C$10 -> 500000
E228: =Calculation!B242 -> 45849 | F228: =F229*(1+Calculation!N242) -> 528921.89 | G228: =Calculation!$C$10 -> 500000
E229: =Calculation!B243 -> 45848 | F229: =F230*(1+Calculation!N243) -> 530584.82 | G229: =Calculation!$C$10 -> 500000
E230: =Calculation!B244 -> 45847 | F230: =F231*(1+Calculation!N244) -> 532468.39 | G230: =Calculation!$C$10 -> 500000
... E247: =Calculation!B261 -> 45824 | F247: =F248*(1+Calculation!N261) -> 504897.21 | G247: =Calculation!$C$10 -> 500000
E248: =Calculation!B262 -> 45821 | F248: =Calculation!C10 -> 500000 | G248: =Calculation!$C$10 -> 500000

Sheet Nestlé India Limited
A4: BSE:500790 (MI Key: 4913237; SPCIQ Key: 877826)
A7: Entities: Nestlé India Ltd., S&P Asia Pacific Emerging BMI Consumer Staples (Sector) Index
A8: Metrics: Share Price, Volume
A45: SERIES NAME | B45: CATEGORY | C45: HIGH | D45: LOW | E45: AVERAGE | F45: CHANGE
A46: 500790-Share Price (Daily) | B46: Market Data | C46: 1,486.40 | D46: 804.89 | E46: 1,090.44 | F46: 456.23 | 49.61%
A47: S&P Asia Pacific Emerging BMI Consumer Staples (Sector) Index-Index Value (Daily) | B47: Market Data | C47: 552.90 | D47: 326.93 | E47: 408.73 | F47: -178.82 | -34.93%
A48: 500790-Volume (Daily) | B48: Market Data | C48: 951,340.00 | D48: 3,712.00 | E48: 72,552.63 | F48: 8,758.00 | 8.81%
A51: Pricing Date | B51: 500790-Share Price (Daily)(%) | C51: 500790-Volume (Daily) | D51: S&P Asia Pacific Emerging BMI Consumer Staples (Sector) Index-Index Value (Daily)(%)
A52: 46185 | B52: 49.611115 | C52: 108218 | D52: -34.927964
A53: 46184 | B53: 54.602321 | C53: 44897 | D53: -35.763008
A54: 46183 | B54: 56.380234 | C54: 95952 | D54: -35.432934
A55: 46182 | B55: 53.368112 | C55: 36150 | D55: -35.755898
A56: 46181 | B56: 52.1774 | C56: 46593 | D56: -36.143989
A57: 46178 | B57: 50.894258 | C57: 24257 | D57: -35.308525
A58: 46177 | B58: 50.187442 | C58: 419031 | D58: -35.211475
A59: 46176 | B59: 51.432525 | C59: 399831 | D59: -34.813002
A60: 46175 | B60: 52.090407 | C60: 37248 | D60: -34.018249
A61: 46174 | B61: 51.269414 | C61: 26370 | D61: -33.967962
A62: 46171 | B62: 54.721936 | C62: 238845 | D62: -33.894828
A63: 46170 | B63: NA | C63: NA | D63: -34.407499
A64: 46169 | B64: 55.216707 | C64: 31087 | D64: -33.978924
A65: 46168 | B65: 55.379818 | C65: 96914 | D65: -33.841447
A66: 46167 | B66: 53.737831 | C66: 56926 | D66: -33.447651
A67: 46164 | B67: 54.765432 | C67: 62718 | D67: -33.499467
A68: 46163 | B68: 52.889652 | C68: 35981 | D68: -33.315336
A69: 46162 | B69: 54.43921 | C69: 38166 | D69: -33.070288
A70: 46161 | B70: 55.657107 | C70: 120221 | D70: -32.709572
A71: 46160 | B71: 55.760411 | C71: 83636 | D71: -32.504392
A72: 46157 | B72: 55.532055 | C72: 52349 | D72: -31.691663
A73: 46156 | B73: 58.7236 | C73: 45577 | D73: -31.143389
A74: 46155 | B74: 59.691393 | C74: 47706 | D74: -31.151638
A75: 46154 | B75: 59.69683 | C75: 24644 | D75: -31.071029
... A81: 46146 | B81: 58.429999 | C81: 35413 | D81: -30.319807
A82: 46143 | B82: NA | C82: NA | D82: -30.525382
A83: 46142 | B83: 58.522429 | C83: 193503 | D83: -30.533254
A84: 46141 | B84: 59.424978 | C84: 78958 | D84: -29.824989
A85: 46140 | B85: 56.575968 | C85: 59313 | D85: -30.38559
A86: 46139 | B86: 54.009683 | C86: 48341 | D86: -30.034829
A87: 46136 | B87: 54.526202 | C87: 101499 | D87: -29.883146
A88: 46135 | B88: 53.330053 | C88: 113556 | D88: -29.568553
A89: 46134 | B89: 51.769622 | C89: 652822 | D89: -29.214964
A90: 46133 | B90: 49.921027 | C90: 586525 | D90: -29.182983
A91: 46132 | B91: 39.992986 | C91: 72470 | D91: -29.663318
A92: 46129 | B92: 39.80269 | C92: 76558 | D92: -29.661354
A93: 46128 | B93: 36.855812 | C93: 104549 | D93: -29.985166
A94: 46127 | B94: 36.611145 | C94: 72755 | D94: -30.135848
A95: 46126 | B95: NA | C95: NA | D95: -30.643566
A96: 46125 | B96: 33.397853 | C96: 23819 | D96: -30.920669
A97: 46122 | B97: 35.817337 | C97: 33698 | D97: -30.126842
A98: 46121 | B98: 33.647957 | C98: 34136 | D98: -30.404758
A99: 46120 | B99: 31.924414 | C99: 82261 | D99: -29.916649
A100: 46119 | B100: 33.049882 | C100: 37664 | D100: -31.022968
A101: 46118 | B101: 32.179955 | C101: 53330 | D101: -31.12342
A102: 46115 | B102: NA | C102: NA | D102: -31.356603
A103: 46114 | B103: 29.575612 | C103: 24555 | D103: -31.355519
A104: 46113 | B104: 28.395773 | C104: 67523 | D104: -31.899499
A105: 46112 | B105: NA | C105: NA | D105: -33.04851
A106: 46111 | B106: 27.748765 | C106: 63757 | D106: -33.113453
A107: 46108 | B107: 29.863775 | C107: 68599 | D107: -32.821552
A108: 46107 | B108: NA | C108: NA | D108: -32.684639
A109: 46106 | B109: 30.956621 | C109: 58483 | D109: -32.089681
A110: 46105 | B110: 28.624129 | C110: 14484 | D110: -33.2579
A111: 46104 | B111: 26.851653 | C111: 51429 | D111: -34.295603
A112: 46101 | B112: 29.825716 | C112: 40276 | D112: -32.438677
A113: 46100 | B113: 29.205893 | C113: 21686 | D113: -32.095702
A114: 46099 | B114: 30.962058 | C114: 63671 | D114: -30.75227
A115: 46098 | B115: 31.174102 | C115: 30230 | D115: -30.60491
A116: 46097 | B116: 31.772177 | C116: 11286 | D116: -30.703069
A117: 46094 | B117: 30.711954 | C117: 59304 | D117: -31.393251
A118: 46093 | B118: 32.647541 | C118: 13336 | D118: -30.752026
A119: 46092 | B119: 34.115543 | C119: 59076 | D119: -30.220206
A120: 46091 | B120: 35.012655 | C120: 28620 | D120: -29.898158
... A124: 46085 | B124: 35.338877 | C124: 19243 | D124: -30.518762
A125: 46084 | B125: NA | C125: NA | D125: -29.095539
A126: 46083 | B126: 39.090437 | C126: 19743 | D126: -28.641632
A127: 46080 | B127: 40.433387 | C127: 31489 | D127: -27.098462
A128: 46079 | B128: 43.331331 | C128: 12568 | D128: -26.550728
A129: 46078 | B129: 43.820665 | C129: 37117 | D129: -26.15339
A130: 46077 | B130: 43.554249 | C130: 31829 | D130: -26.325888
A131: 46076 | B131: 43.048604 | C131: 31340 | D131: -26.057603
A132: 46073 | B132: 40.634557 | C132: 30804 | D132: -26.660799
A133: 46072 | B133: 39.025193 | C133: 9749 | D133: -26.216231
A134: 46071 | B134: 41.40118 | C134: 37155 | D134: -25.894315
A135: 46070 | B135: 39.813564 | C135: 14651 | D135: -26.233217
A136: 46069 | B136: 40.248527 | C136: 5210 | D136: -26.404885
A137: 46066 | B137: 39.465593 | C137: 6327 | D137: -26.615808
... A146: 46055 | B146: 42.189552 | C146: 34384 | D146: -28.211657
A147: 46054 | B147: 38.818585 | C147: 77477 | D147: NA
A148: 46052 | B148: 44.783021 | C148: 255385 | D148: -27.960189
A149: 46051 | B149: 40.031046 | C149: 29563 | D149: -27.580301
A150: 46050 | B150: 40.569313 | C150: 26303 | D150: -28.025725
A151: 46049 | B151: 41.749151 | C151: 20288 | D151: -27.944283
A152: 46048 | B152: NA | C152: NA | D152: -27.850306
A153: 46045 | B153: 40.634557 | C153: 7611 | D153: -27.922063
A154: 46044 | B154: 42.004692 | C154: 24221 | D154: -27.627409
A155: 46043 | B155: 39.460156 | C155: 30790 | D155: -27.921537
A156: 46042 | B156: 40.803106 | C156: 43136 | D156: -27.481388
A157: 46041 | B157: 43.081227 | C157: 11223 | D157: -27.232942
A158: 46038 | B158: 43.021419 | C158: 43359 | D158: -27.110559
A159: 46037 | B159: NA | C159: NA | D159: -26.623252
...

Sheet Pidilite Industries Limited
A2: Pidilite Industries Limited | Stock Chart
A4: NSEI:PIDILITIND (MI Key: 4986006; SPCIQ Key: 878761)
A7: Entities: Pidilite Industries Ltd., S&P Asia Pacific Emerging BMI Materials (Industry Group) Index
A8: Metrics: Share Price, Volume
A45: SERIES NAME | B45: CATEGORY | C45: HIGH | D45: LOW | E45: AVERAGE | F45: CHANGE
A46: PIDILITIND-Share Price (Daily) | B46: Market Data | C46: 2.63 | D46: -16.40 | E46: -3.62 | F46: 0.79
A47: PIDILITIND-Volume (Daily) | B47: Market Data | C47: 5.49M | D47: 62,310.00 | E47: 705,716.69 | F47: 487,271.00 | 63.53%
A48: S&P Asia Pacific Emerging BMI Materials (Industry Group) Index-Index Value (Daily) | B48: Market Data | C48: 35.97 | D48: -3.17 | E48: 17.33 | F48: 21.53
A51: Pricing Date | B51: PIDILITIND-Share Price (Daily)(%) | C51: PIDILITIND-Volume (Daily) | D51: S&P Asia Pacific Emerging BMI Materials (Industry Group) Index-Index Value (Daily)(%)
A52: 46185 | B52: 0.79096787 | C52: 1254231 | D52: 21.528019
A53: 46184 | B53: -1.618038 | C53: 613282 | D53: 17.709014
A54: 46183 | B54: -1.1126063 | C54: 1866212 | D54: 17.649256
A55: 46182 | B55: -2.7339263 | C55: 536175 | D55: 18.985602
A56: 46181 | B56: -4.178017 | C56: 417045 | D56: 17.096289
A57: 46178 | B57: -3.0752568 | C57: 489330 | D57: 21.429884
A58: 46177 | B58: -3.4362795 | C58: 646986 | D58: 22.783451
A59: 46176 | B59: -3.5609964 | C59: 836338 | D59: 24.428947
A60: 46175 | B60: -4.5193475 | C60: 948386 | D60: 24.832889
A61: 46174 | B61: -4.3486823 | C61: 690657 | D61: 23.44996
A62: 46171 | B62: -2.6682858 | C62: 4438929 | D62: 22.876987
A63: 46170 | B63: NA | C63: NA | D63: 23.336976
A64: 46169 | B64: -2.8061308 | C64: 323780 | D64: 24.213523
A65: 46168 | B65: -2.9505399 | C65: 454638 | D65: 24.983098
A66: 46167 | B66: -3.0358725 | C66: 593426 | D66: 23.668886
A67: 46164 | B67: -2.9571039 | C67: 533048 | D67: 22.891293
A68: 46163 | B68: -3.3246907 | C68: 465411 | D68: 20.68905
A69: 46162 | B69: -4.453707 | C69: 356329 | D69: 21.127643
A70: 46161 | B70: -4.4405789 | C70: 617156 | D70: 21.406027
A71: 46160 | B71: -4.8081657 | C71: 655599 | D71: 22.748082
A72: 46157 | B72: -3.6594572 | C72: 909039 | D72: 24.658919
A73: 46156 | B73: -2.6026453 | C73: 1213793 | D73: 27.566113
A74: 46155 | B74: -5.1101119 | C74: 1124814 | D74: 28.844356
A75: 46154 | B75: -4.6243723 | C75: 1764144 | D75: 28.117427
... A81: 46146 | B81: -10.426991 | C81: 649397 | D81: 26.95086
A82: 46143 | B82: NA | C82: NA | D82: 26.599723
A83: 46142 | B83: -9.698382 | C83: 1333712 | D83: 26.576982
A84: 46141 | B84: -8.8253635 | C84: 364945 | D84: 28.466715
A85: 46140 | B85: -8.5890577 | C85: 390142 | D85: 26.679355
A86: 46139 | B86: -8.1492665 | C86: 356391 | D86: 27.626032
A87: 46136 | B87: -8.4774689 | C87: 506429 | D87: 27.09345
A88: 46135 | B88: -7.9654731 | C88: 319278 | D88: 27.146176
A89: 46134 | B89: -6.8561489 | C89: 629961 | D89: 29.446523
A90: 46133 | B90: -7.5913223 | C90: 708195 | D90: 29.52624
A91: 46132 | B91: -8.7269028 | C91: 894803 | D91: 29.038232
A92: 46129 | B92: -8.5365453 | C92: 1740546 | D92: 29.336432
A93: 46128 | B93: -12.632512 | C93: 1586537 | D93: 29.533632
A94: 46127 | B94: -12.730972 | C94: 1064359 | D94: 27.880265
A95: 46126 | B95: NA | C95: NA | D95: 27.856196
A96: 46125 | B96: -12.927894 | C96: 724962 | D96: 26.164853
A97: 46122 | B97: -10.919295 | C97: 1610183 | D97: 25.801805
A98: 46121 | B98: -11.556008 | C98: 924142 | D98: 25.101101
A99: 46120 | B99: -11.05714 | C99: 1855865 | D99: 25.143125
A100: 46119 | B100: -14.989005 | C100: 454073 | D100: 19.596387
A101: 46118 | B101: -15.245003 | C101: 1230910 | D101: 18.943147
A102: 46115 | B102: NA | C102: NA | D102: 18.365954
A103: 46114 | B103: -16.400276 | C103: 889612 | D103: 18.371797
A104: 46113 | B104: -14.207883 | C104: 898466 | D104: 19.048488
A105: 46112 | B105: NA | C105: NA | D105: 15.636996
A106: 46111 | B106: -15.651974 | C106: 1146492 | D106: 17.244202
A107: 46108 | B107: -13.689324 | C107: 1353886 | D107: 16.687701
A108: 46107 | B108: NA | C108: NA | D108: 17.01153
A109: 46106 | B109: -10.545144 | C109: 886923 | D109: 18.256467
A110: 46105 | B110: -12.553743 | C110: 496307 | D110: 15.49921
A111: 46104 | B111: -13.689324 | C111: 800316 | D111: 12.654318
A112: 46101 | B112: -11.956415 | C112: 898444 | D112: 17.340678
A113: 46100 | B113: -14.083166 | C113: 689898 | D113: 18.392309
A114: 46099 | B114: -9.1273097 | C114: 540073 | D114: 22.915489
A115: 46098 | B115: -10.925859 | C115: 283833 | D115: 22.57738
A116: 46097 | B116: -11.149037 | C116: 332170 | D116: 22.381713
A117: 46094 | B117: -12.041747 | C117: 878140 | D117: 23.599247
A118: 46093 | B118: -8.9303883 | C118: 724869 | D118: 26.840902
A119: 46092 | B119: -7.8801405 | C119: 283707 | D119: 27.428479
A120: 46091 | B120: -6.2850766 | C120: 613943 | D120: 27.099495
... A124: 46085 | B124: -5.5367751 | C124: 1119317 | D124: 27.74319
A125: 46084 | B125: NA | C125: NA | D125: 31.495065
A126: 46083 | B126: -3.8038662 | C126: 699279 | D126: 35.281401
A127: 46080 | B127: -2.0643933 | C127: 1606678 | D127: 35.449702
A128: 46079 | B128: -0.42994519 | C128: 738376 | D128: 35.387574
A129: 46078 | B129: -1.6968066 | C129: 577178 | D129: 35.967723
A130: 46077 | B130: -2.8192589 | C130: 641633 | D130: 32.917687
A131: 46076 | B131: -2.7864387 | C131: 511293 | D131: 31.900883
A132: 46073 | B132: -3.8432505 | C132: 501173 | D132: 30.191402
A133: 46072 | B133: -3.8432505 | C133: 407250 | D133: 30.543217
A134: 46071 | B134: -2.2284945 | C134: 2016972 | D134: 31.010648
A135: 46070 | B135: -1.8346516 | C135: 344682 | D135: 30.694133
A136: 46069 | B136: -2.3729036 | C136: 217908 | D136: 30.769666
A137: 46066 | B137: -2.8980275 | C137: 474002 | D137: 29.561539
... A146: 46055 | B146: -7.3156323 | C146: 1594471 | D146: 24.333126
A147: 46054 | B147: -6.5410745 | C147: 359819 | D147: NA
A148: 46052 | B148: -6.061899 | C148: 722566 | D148: 30.050311
A149: 46051 | B149: -6.1603597 | C149: 820183 | D149: 35.185254
A150: 46050 | B150: -4.1189406 | C150: 824989 | D150: 34.8558
A151: 46049 | B151: -5.0050871 | C151: 405584 | D151: 32.105537
A152: 46048 | B152: NA | C152: NA | D152: 31.451616
A153: 46045 | B153: -4.9591388 | C153: 1212874 | D153: 29.025067
A154: 46044 | B154: -4.6375004 | C154: 385508 | D154: 28.573196
A155: 46043 | B155: -6.6723555 | C155: 560841 | D155: 28.000399
A156: 46042 | B156: -5.792773 | C156: 591626 | D156: 27.42176
A157: 46041 | B157: -3.1934097 | C157: 435942 | D157: 28.237093
A158: 46038 | B158: -3.0752568 | C158: 745534 | D158: 27.598832
...

Sheet Divi's Laboratories Limited
A2: Divi's Laboratories Limited | Stock Chart
A4: NSEI:DIVISLAB (MI Key: 4810902; SPCIQ Key: 9249099)
A7: Entities: Divi's Laboratories Ltd., S&P Asia Pacific Emerging BMI Pharmaceuticals, Biotechnology & Life Sciences (Ind Group) Index
A8: Metrics: Share Price, Volume
A45: SERIES NAME | B45: CATEGORY | C45: HIGH | D45: LOW | E45: AVERAGE | F45: CHANGE
A46: DIVISLAB-Share Price (Daily) | B46: Market Data | C46: 3.84 | D46: -15.40 | E46: -5.15 | F46: -1.29
A47: DIVISLAB-Volume (Daily) | B47: Market Data | C47: 1.93M | D47: 32,977.00 | E47: 367,040.87 | F47: -268,620.00 | -62.26%
A48: S&P Asia Pacific Emerging BMI Pharmaceuticals, Biotechnology & Life Sciences (Ind Group) Index-Index Value (Daily) | B48: Market Data | C48: 14.30 | D48: -9.07 | E48: 2.80 | F48: -6.99
A51: Pricing Date | B51: DIVISLAB-Share Price (Daily)(%) | C51: DIVISLAB-Volume (Daily) | D51: S&P Asia Pacific Emerging BMI Pharmaceuticals, Biotechnology & Life Sciences (Ind Group) Index-Index Value (Daily)(%)
A52: 46185 | B52: -1.2936803 | C52: 162810 | D52: -6.990235
A53: 46184 | B53: -1.0334572 | C53: 228572 | D53: -8.9538083
A54: 46183 | B54: -1.2862454 | C54: 405743 | D54: -8.3245044
A55: 46182 | B55: 0.41635688 | C55: 912179 | D55: -8.7743274
A56: 46181 | B56: -3.0334572 | C56: 456406 | D56: -9.0720454
A57: 46178 | B57: -1.5167286 | C57: 200964 | D57: -7.0425742
A58: 46177 | B58: -1.9107807 | C58: 347823 | D58: -6.8978658
A59: 46176 | B59: -2.2081784 | C59: 563313 | D59: -6.7101034
A60: 46175 | B60: -2.8550186 | C60: 362800 | D60: -5.3031264
A61: 46174 | B61: -2.5501859 | C61: 125379 | D61: -4.0233794
A62: 46171 | B62: -0.86245353 | C62: 612037 | D62: -3.1388342
A63: 46170 | B63: NA | C63: NA | D63: -4.9038176
A64: 46169 | B64: 1.0780669 | C64: 155051 | D64: -3.0412067
A65: 46168 | B65: 0.41635688 | C65: 309440 | D65: -2.5677402
A66: 46167 | B66: 0.46840149 | C66: 874049 | D66: -1.9903144
A67: 46164 | B67: 2.4089219 | C67: 354149 | D67: -2.4933496
A68: 46163 | B68: 1.9776952 | C68: 151586 | D68: -2.2065484
A69: 46162 | B69: 2.4981413 | C69: 957736 | D69: -3.0308453
A70: 46161 | B70: 2.7806691 | C70: 322081 | D70: -3.1154585
A71: 46160 | B71: 1.6356877 | C71: 340352 | D71: -3.0589818
A72: 46157 | B72: 0.52788104 | C72: 321270 | D72: -1.5953461
A73: 46156 | B73: 2.9219331 | C73: 424282 | D73: -0.67516447
A74: 46155 | B74: 1.0557621 | C74: 513807 | D74: -0.27680365
A75: 46154 | B75: -1.204461 | C75: 156166 | D75: 0.20824216
... A81: 46146 | B81: -1.5687732 | C81: 371945 | D81: -0.041021355
A82: 46143 | B82: NA | C82: NA | D82: -0.57619761
A83: 46142 | B83: -3.3085502 | C83: 379741 | D83: -0.56933404
A84: 46141 | B84: -2.8401487 | C84: 324770 | D84: -0.52102698
A85: 46140 | B85: -4.3494424 | C85: 271770 | D85: -0.5146355
A86: 46139 | B86: -3.6877323 | C86: 289657 | D86: -0.38761439
A87: 46136 | B87: -5.4052045 | C87: 316970 | D87: -0.73243307
A88: 46135 | B88: -5.1524164 | C88: 405157 | D88: -0.098015281
A89: 46134 | B89: -6.535316 | C89: 226547 | D89: 1.5018714
A90: 46133 | B90: -6.527881 | C90: 242433 | D90: 1.8520818
A91: 46132 | B91: -6.6171004 | C91: 208547 | D91: 2.5712916
A92: 46129 | B92: -7.3754647 | C92: 169295 | D92: 3.1125632
A93: 46128 | B93: -6.4163569 | C93: 350424 | D93: 4.0150182
A94: 46127 | B94: -8.1412639 | C94: 251355 | D94: 3.4162437
A95: 46126 | B95: NA | C95: NA | D95: 0.9189447
A96: 46125 | B96: -9.739777 | C96: 211392 | D96: 0.31220442
A97: 46122 | B97: -9.0483271 | C97: 334871 | D97: 1.3018959
A98: 46121 | B98: -11.486989 | C98: 237284 | D98: 0.70580658
A99: 46120 | B99: -12.535316 | C99: 302280 | D99: 1.1551786
A100: 46119 | B100: -13.011152 | C100: 347412 | D100: 1.0254799
A101: 46118 | B101: -13.442379 | C101: 346192 | D101: 0.79551695
A102: 46115 | B102: NA | C102: NA | D102: 0.69860242
A103: 46114 | B103: -12.914498 | C103: 513534 | D103: 0.70385026
A104: 46113 | B104: -12.171004 | C104: 546653 | D104: -0.1746079
A105: 46112 | B105: NA | C105: NA | D105: -4.2881894
A106: 46111 | B106: -11.568773 | C106: 492229 | D106: -4.4591491
A107: 46108 | B107: -10.817844 | C107: 540647 | D107: -3.7584362
A108: 46107 | B108: NA | C108: NA | D108: -5.9413598
A109: 46106 | B109: -10.565056 | C109: 250204 | D109: -4.800708
A110: 46105 | B110: -10.394052 | C110: 228968 | D110: -6.030151
A111: 46104 | B111: -10.579926 | C111: 227221 | D111: -8.3291562
A112: 46101 | B112: -9.2936803 | C112: 283471 | D112: -4.8697849
A113: 46100 | B113: -11.189591 | C113: 122495 | D113: -4.1955072
A114: 46099 | B114: -8.6988848 | C114: 180112 | D114: -1.5018303
A115: 46098 | B115: -9.4944238 | C115: 183604 | D115: -2.279427
A116: 46097 | B116: -9.7249071 | C116: 282845 | D116: -2.5397669
A117: 46094 | B117: -9.7249071 | C117: 200936 | D117: -3.4205823
A118: 46093 | B118: -6.5873606 | C118: 153876 | D118: -1.5672204
A119: 46092 | B119: -5.5390335 | C119: 254117 | D119: -0.084921417
A120: 46091 | B120: -5.2490706 | C120: 298252 | D120: 0.51120512
... A124: 46085 | B124: -6.0817844 | C124: 369392 | D124: -4.2369595
A125: 46084 | B125: NA | C125: NA | D125: -2.0532988
A126: 46083 | B126: -4.7806691 | C126: 300339 | D126: 0.088896659
A127: 46080 | B127: -4.7063197 | C127: 466870 | D127: 2.7118577
A128: 46079 | B128: -3.732342 | C128: 392374 | D128: 2.4475322
A129: 46078 | B129: -4.8996283 | C129: 348440 | D129: 4.7017156
A130: 46077 | B130: -6.9814126 | C130: 92139 | D130: 4.0035698
A131: 46076 | B131: -6.4163569 | C131: 97285 | D131: 5.3442013
A132: 46073 | B132: -6.4535316 | C132: 338573 | D132: 4.2511899
A133: 46072 | B133: -6.3568773 | C133: 185828 | D133: 3.7551089
A134: 46071 | B134: -6.5650558 | C134: 438670 | D134: 3.9718608
A135: 46070 | B135: -7.9925651 | C135: 151261 | D135: 3.9166295
A136: 46069 | B136: -8.5576208 | C136: 175634 | D136: 3.719302
A137: 46066 | B137: -8.2750929 | C137: 299364 | D137: 3.3085307
... A146: 46055 | B146: -11.486989 | C146: 400656 | D146: -0.27090271
A147: 46054 | B147: -9.9479554 | C147: 144120 | D147: NA
A148: 46052 | B148: -10.022305 | C148: 347165 | D148: 1.8936148
A149: 46051 | B149: -10.171004 | C149: 405502 | D149: 2.7928103
A150: 46050 | B150: -7.9851301 | C150: 335259 | D150: 3.3660782
A151: 46049 | B151: -9.9479554 | C151: 367912 | D151: 2.9285615
A152: 46048 | B152: NA | C152: NA | D152: 2.4516536
A153: 46045 | B153: -10.609665 | C153: 460503 | D153: 3.1094197
A154: 46044 | B154: -9.7249071 | C154: 372206 | D154: 2.3959565
A155: 46043 | B155: -10.63197 | C155: 324388 | D155: 2.4167842
A156: 46042 | B156: -10.587361 | C156: 204440 | D156: 2.8613557
A157: 46041 | B157: -8.6988848 | C157: 351743 | D157: 4.1770596
A158: 46038 | B158: -7.2713755 | C158: 409423 | D158: 6.0110479
...

Sheet Bosch Limited
A2: Bosch Limited | Stock Chart
A4: BSE:500530 (MI Key: 4911941; SPCIQ Key: 9830297)
A7: Entities: Bosch Ltd., S&P Asia Pacific Emerging BMI Consumer Staples (Sector) Index
A8: Metrics: Share Price, Volume
A45: SERIES NAME | B45: CATEGORY | C45: HIGH | D45: LOW | E45: AVERAGE | F45: CHANGE
A46: 500530-Share Price (Daily) | B46: Market Data | C46: 31.69 | D46: -8.82 | E46: 16.38 | F46: 23.93
A47: 500530-Volume (Daily) | B47: Market Data | C47: 16,226.00 | D47: 69.00 | E47: 1,438.99 | F47: 3,764.00 | 1,767.14%
A48: S&P Asia Pacific Emerging BMI Consumer Staples (Sector) Index-Index Value (Daily) | B48: Market Data | C48: 5.72 | D48: -13.90 | E48: -1.98 | F48: -12.26
A51: Pricing Date | B51: 500530-Share Price (Daily)(%) | C51: 500530-Volume (Daily) | D51: S&P Asia Pacific Emerging BMI Consumer Staples (Sector) Index-Index Value (Daily)(%)
A52: 46185 | B52: 23.928354 | C52: 3977 | D52: -12.262982
A53: 46184 | B53: 19.140081 | C53: 2029 | D53: -13.388877
A54: 46183 | B54: 19.896901 | C54: 1349 | D54: -12.943836
A55: 46182 | B55: 19.993209 | C55: 3022 | D55: -13.379291
A56: 46181 | B56: 15.994123 | C56: 1360 | D56: -13.902556
A57: 46178 | B57: 18.179539 | C57: 8029 | D57: -12.776094
A58: 46177 | B58: 17.440331 | C58: 1901 | D58: -12.645242
A59: 46176 | B59: 19.709997 | C59: 2524 | D59: -12.107978
A60: 46175 | B60: 18.141302 | C60: 2494 | D60: -11.036408
A61: 46174 | B61: 16.320016 | C61: 2346 | D61: -10.968605
A62: 46171 | B62: 16.364124 | C62: 9878 | D62: -10.869998
A63: 46170 | B63: NA | C63: NA | D63: -11.561236
A64: 46169 | B64: 14.316903 | C64: 1532 | D64: -10.983385
A65: 46168 | B65: 13.761902 | C65: 2630 | D65: -10.798025
A66: 46167 | B66: 15.25793 | C66: 2123 | D66: -10.267067
A67: 46164 | B67: 14.414322 | C67: 16226 | D67: -10.336931
A68: 46163 | B68: 11.688819 | C68: 11792 | D68: -10.088666
A69: 46162 | B69: 16.840746 | C69: 2427 | D69: -9.7582662
A70: 46161 | B70: 17.732746 | C70: 1303 | D70: -9.27191
A71: 46160 | B71: 17.911241 | C71: 750 | D71: -8.9952657
A72: 46157 | B72: 19.62543 | C72: 1646 | D72: -7.8994581
A73: 46156 | B73: 17.283573 | C73: 5764 | D73: -7.1602172
A74: 46155 | B74: 15.248251 | C74: 796 | D74: -7.1713385
A75: 46154 | B75: 15.788338 | C75: 521 | D75: -7.0626526
... A81: 46146 | B81: 13.678604 | C81: 1136 | D81: -6.0497757
A82: 46143 | B82: NA | C82: NA | D82: -6.3269535
A83: 46142 | B83: 14.264862 | C83: 1528 | D83: -6.337568
A84: 46141 | B84: 15.346463 | C84: 1241 | D84: -5.3826105
A85: 46140 | B85: 18.536371 | C85: 862 | D85: -6.1384719
A86: 46139 | B86: 18.040234 | C86: 1009 | D86: -5.6655388
A87: 46136 | B87: 16.39776 | C87: 1922 | D87: -5.4610233
A88: 46135 | B88: 18.793245 | C88: 780 | D88: -5.0368559
A89: 46134 | B89: 20.074286 | C89: 1575 | D89: -4.5601091
A90: 46133 | B90: 20.943597 | C90: 2746 | D90: -4.51699
A91: 46132 | B91: 19.837561 | C91: 3130 | D91: -5.1646277
A92: 46129 | B92: 19.014579 | C92: 1299 | D92: -5.1619798
A93: 46128 | B93: 18.760402 | C93: 1369 | D93: -5.5985777
A94: 46127 | B94: 17.626759 | C94: 3953 | D94: -5.8017435
A95: 46126 | B95: NA | C95: NA | D95: -6.486303
A96: 46125 | B96: 16.160401 | C96: 3982 | D96: -6.859922
A97: 46122 | B97: 18.374059 | C97: 3991 | D97: -5.7895998
A98: 46121 | B98: 16.649716 | C98: 14832 | D98: -6.1643157
A99: 46120 | B99: 14.053841 | C99: 3535 | D99: -5.506196
A100: 46119 | B100: 6.0466245 | C100: 3430 | D100: -6.9978523
A101: 46118 | B101: 6.1940219 | C101: 6128 | D101: -7.1332923
A102: 46115 | B102: NA | C102: NA | D102: -7.4476945
A103: 46114 | B103: 1.9810589 | C103: 3718 | D103: -7.4462322
A104: 46113 | B104: -2.8652845 | C104: 2781 | D104: -8.1796846
A105: 46112 | B105: NA | C105: NA | D105: -9.7289033
A106: 46111 | B106: -8.8227408 | C106: 1755 | D106: -9.8164652
A107: 46108 | B107: -5.977765 | C107: 1292 | D107: -9.4228945
A108: 46107 | B108: NA | C108: NA | D108: -9.2382936
A109: 46106 | B109: -3.569587 | C109: 484 | D109: -8.4361082
A110: 46105 | B110: -4.5850264 | C110: 1243 | D110: -10.011224
A111: 46104 | B111: -7.5182184 | C111: 812 | D111: -11.410366
A112: 46101 | B112: -3.5177043 | C112: 566 | D112: -8.9066616
A113: 46100 | B113: -4.2307332 | C113: 432 | D113: -8.4442261
A114: 46099 | B114: -1.6659553 | C114: 403 | D114: -6.6328691
A115: 46098 | B115: -2.8146712 | C115: 455 | D115: -6.4341825
A116: 46097 | B116: -3.6197243 | C116: 549 | D116: -6.5665306
A117: 46094 | B117: -4.1812306 | C117: 388 | D117: -7.4971071
A118: 46093 | B118: -0.73857353 | C118: 1153 | D118: -6.6325399
A119: 46092 | B119: 0.57055003 | C119: 711 | D119: -5.9154833
A120: 46091 | B120: 1.6970532 | C120: 947 | D120: -5.4812641
... A124: 46085 | B124: 6.0563029 | C124: 1845 | D124: -6.3180277
A125: 46084 | B125: NA | C125: NA | D125: -4.3990887
A126: 46083 | B126: 12.304429 | C126: 1346 | D126: -3.787083
A127: 46080 | B127: 15.598419 | C127: 649 | D127: -1.7064168
A128: 46079 | B128: 16.562135 | C128: 952 | D128: -0.96790454
A129: 46078 | B129: 16.055208 | C129: 3177 | D129: -0.43217134
A130: 46077 | B130: 12.274759 | C130: 372 | D130: -0.6647504
A131: 46076 | B131: 12.178927 | C131: 178 | D131: -0.30302059
A132: 46073 | B132: 11.743716 | C132: 511 | D132: -1.1163132
A133: 46072 | B133: 11.133341 | C133: 548 | D133: -0.5169004
A134: 46071 | B134: 13.272904 | C134: 356 | D134: -0.082858701
A135: 46070 | B135: 12.317915 | C135: 499 | D135: -0.5398028
A136: 46069 | B136: 12.622388 | C136: 1141 | D136: -0.7712633
A137: 46066 | B137: 13.332561 | C137: 424 | D137: -1.0556515
... A146: 46055 | B146: 16.149612 | C146: 126 | D146: -3.2073447
A147: 46054 | B147: 14.628516 | C147: 393 | D147: NA
A148: 46052 | B148: 15.972069 | C148: 637 | D148: -2.8682895
A149: 46051 | B149: 14.38132 | C149: 262 | D149: -2.3560835
A150: 46050 | B150: 14.70277 | C150: 815 | D150: -2.9566521
A151: 46049 | B151: 12.257147 | C151: 876 | D151: -2.8468422
A152: 46048 | B152: NA | C152: NA | D152: -2.7201331
A153: 46045 | B153: 11.949342 | C153: 551 | D153: -2.8168835
A154: 46044 | B154: 13.366515 | C154: 562 | D154: -2.4195992
A155: 46043 | B155: 11.502549 | C155: 743 | D155: -2.8161738
A156: 46042 | B156: 12.669987 | C156: 763 | D156: -2.2227192
A157: 46041 | B157: 15.61492 | C157: 722 | D157: -1.8877372
A158: 46038 | B158: 16.880887 | C158: 376 | D158: -1.7227282
...

Sheet UltraTech Cement Limited
A2: UltraTech Cement Limited | Stock Chart
A4: NSEI:ULTRACEMCO (MI Key: 4982273; SPCIQ Key: 13192517)
A7: Entities: UltraTech Cement Ltd., S&P Asia Pacific Emerging BMI Materials (Industry Group) Index
A8: Metrics: Share Price, Volume
A45: SERIES NAME | B45: CATEGORY | C45: HIGH | D45: LOW | E45: AVERAGE | F45: CHANGE
A46: ULTRACEMCO-Share Price (Daily) | B46: Market Data | C46: 15.27 | D46: -8.49 | E46: 5.98 | F46: -1.82
A47: ULTRACEMCO-Volume (Daily) | B47: Market Data | C47: 1.78M | D47: 14,465.00 | E47: 282,903.62 | F47: 11,169.00 | 6.16%
A48: S&P Asia Pacific Emerging BMI Materials (Industry Group) Index-Index Value (Daily) | B48: Market Data | C48: 35.97 | D48: -3.17 | E48: 17.33 | F48: 21.53
A51: Pricing Date | B51: ULTRACEMCO-Share Price (Daily)(%) | C51: ULTRACEMCO-Volume (Daily) | D51: S&P Asia Pacific Emerging BMI Materials (Industry Group) Index-Index Value (Daily)(%)
A52: 46185 | B52: -1.8193058 | C52: 192524 | D52: 21.528019
A53: 46184 | B53: -4.3539698 | C53: 236130 | D53: 17.709014
A54: 46183 | B54: -4.0360329 | C54: 470400 | D54: 17.649256
A55: 46182 | B55: -3.6386117 | C55: 257371 | D55: 18.985602
A56: 46181 | B56: -4.6630752 | C56: 285585 | D56: 17.096289
A57: 46178 | B57: -3.6297801 | C57: 424664 | D57: 21.429884
A58: 46177 | B58: -2.8790956 | C58: 541327 | D58: 22.783451
A59: 46176 | B59: -1.9606111 | C59: 412934 | D59: 24.428947
A60: 46175 | B60: -1.3953899 | C60: 413041 | D60: 24.832889
A61: 46174 | B61: -0.80367394 | C61: 497866 | D61: 23.44996
A62: 46171 | B62: 1.4042215 | C62: 1776975 | D62: 22.876987
A63: 46170 | B63: NA | C63: NA | D63: 23.336976
A64: 46169 | B64: 3.2323589 | C64: 243628 | D64: 24.213523
A65: 46168 | B65: 2.6494745 | C65: 210716 | D65: 24.983098
A66: 46167 | B66: 3.5591274 | C66: 229618 | D66: 23.668886
A67: 46164 | B67: 2.1725691 | C67: 340427 | D67: 22.891293
A68: 46163 | B68: 1.3335688 | C68: 244967 | D68: 20.68905
A69: 46162 | B69: 0.75951603 | C69: 168245 | D69: 21.127643
A70: 46161 | B70: 0.39742118 | C70: 347784 | D70: 21.406027
A71: 46160 | B71: 2.1019165 | C71: 233668 | D71: 22.748082
A72: 46157 | B72: 1.4483794 | C72: 284388 | D72: 24.658919
A73: 46156 | B73: 3.2588537 | C73: 220410 | D73: 27.566113
A74: 46155 | B74: 2.2078954 | C74: 453482 | D74: 28.844356
A75: 46154 | B75: 1.7044953 | C75: 343980 | D75: 28.117427
... A81: 46146 | B81: 3.8417381 | C81: 461238 | D81: 26.95086
A82: 46143 | B82: NA | C82: NA | D82: 26.599723
A83: 46142 | B83: 2.322706 | C83: 719688 | D83: 26.576982
A84: 46141 | B84: 4.5041067 | C84: 361932 | D84: 28.466715
A85: 46140 | B85: 4.3628014 | C85: 509322 | D85: 26.679355
A86: 46139 | B86: 6.0672967 | C86: 567601 | D86: 27.626032
A87: 46136 | B87: 5.9613177 | C87: 349586 | D87: 27.09345
A88: 46135 | B88: 7.453855 | C88: 227223 | D88: 27.146176
A89: 46134 | B89: 7.6834761 | C89: 312307 | D89: 29.446523
A90: 46133 | B90: 6.3234125 | C90: 320111 | D90: 29.52624
A91: 46132 | B91: 5.2459596 | C91: 335624 | D91: 29.038232
A92: 46129 | B92: 4.9721805 | C92: 165109 | D92: 29.336432
A93: 46128 | B93: 4.4422856 | C93: 308549 | D93: 29.533632
A94: 46127 | B94: 4.0801908 | C94: 274811 | D94: 27.880265
A95: 46126 | B95: NA | C95: NA | D95: 27.856196
A96: 46125 | B96: 1.5808531 | C96: 220442 | D96: 26.164853
A97: 46122 | B97: 2.3492007 | C97: 420339 | D97: 25.801805
A98: 46121 | B98: 1.1039477 | C98: 330553 | D98: 25.101101
A99: 46120 | B99: 2.4728429 | C99: 612764 | D99: 25.143125
A100: 46119 | B100: -3.4178221 | C100: 263658 | D100: 19.596387
A101: 46118 | B101: -3.2500221 | C101: 374420 | D101: 18.943147
A102: 46115 | B102: NA | C102: NA | D102: 18.365954
A103: 46114 | B103: -6.208602 | C103: 333524 | D103: 18.371797
A104: 46113 | B104: -5.3784333 | C104: 431636 | D104: 19.048488
A105: 46112 | B105: NA | C105: NA | D105: 15.636996
A106: 46111 | B106: -5.1046542 | C106: 632265 | D106: 17.244202
A107: 46108 | B107: -2.4198534 | C107: 418469 | D107: 16.687701
A108: 46107 | B108: NA | C108: NA | D108: 17.01153
A109: 46106 | B109: -1.0509582 | C109: 456437 | D109: 18.256467
A110: 46105 | B110: -4.9368542 | C110: 369647 | D110: 15.49921
A111: 46104 | B111: -8.48715 | C111: 644386 | D111: 12.654318
A112: 46101 | B112: -3.4354853 | C112: 365914 | D112: 17.340678
A113: 46100 | B113: -4.4952751 | C113: 283817 | D113: 18.392309
A114: 46099 | B114: -0.67120021 | C114: 211865 | D114: 22.915489
A115: 46098 | B115: -1.8281374 | C115: 332933 | D115: 22.57738
A116: 46097 | B116: -1.9782743 | C116: 728077 | D116: 22.381713
A117: 46094 | B117: -6.2439283 | C117: 723904 | D117: 23.599247
A118: 46093 | B118: -2.0665901 | C118: 535730 | D118: 26.840902
A119: 46092 | B119: 1.2275899 | C119: 231139 | D119: 27.428479
A120: 46091 | B120: 2.9232536 | C120: 460885 | D120: 27.099495
... A124: 46085 | B124: 6.9239601 | C124: 394665 | D124: 27.74319
A125: 46084 | B125: NA | C125: NA | D125: 31.495065
A126: 46083 | B126: 10.580235 | C126: 237506 | D126: 35.281401
A127: 46080 | B127: 11.957962 | C127: 272915 | D127: 35.449702
A128: 46079 | B128: 14.254173 | C128: 209041 | D128: 35.387574
A129: 46078 | B129: 15.172657 | C129: 201537 | D129: 35.967723
A130: 46077 | B130: 14.457299 | C130: 332450 | D130: 32.917687
A131: 46076 | B131: 14.598605 | C131: 134369 | D131: 31.900883
A132: 46073 | B132: 12.743972 | C132: 120589 | D132: 30.191402
A133: 46072 | B133: 12.055109 | C133: 195303 | D133: 30.543217
A134: 46071 | B134: 15.269805 | C134: 161603 | D134: 31.010648
A135: 46070 | B135: 14.669257 | C135: 136174 | D135: 30.694133
A136: 46069 | B136: 14.642763 | C136: 81768 | D136: 30.769666
A137: 46066 | B137: 14.483794 | C137: 178236 | D137: 29.561539
... A146: 46055 | B146: 10.703877 | C146: 259656 | D146: 24.333126
A147: 46054 | B147: 8.48715 | C147: 202576 | D147: NA
A148: 46052 | B148: 12.108099 | C148: 296876 | D148: 30.050311
A149: 46051 | B149: 12.311225 | C149: 285262 | D149: 35.185254
A150: 46050 | B150: 12.752804 | C150: 456847 | D150: 34.8558
A151: 46049 | B151: 11.180782 | C151: 926373 | D151: 32.105537
A152: 46048 | B152: NA | C152: NA | D152: 31.451616
A153: 46045 | B153: 9.2378345 | C153: 356421 | D153: 29.025067
A154: 46044 | B154: 9.1936766 | C154: 286236 | D154: 28.573196
A155: 46043 | B155: 8.0190762 | C155: 209393 | D155: 28.000399
A156: 46042 | B156: 6.5000442 | C156: 298026 | D156: 27.42176
A157: 46041 | B157: 8.6019606 | C157: 257602 | D157: 28.237093
A158: 46038 | B158: 9.3173187 | C158: 454481 | D158: 27.598832
...
